SOLAR,9948 L,HEBREW,ISLAMIC,GREGORIAN 1948
1st,Thu,5708 L Teveth / 19,1367 Safar / 18,January / 1 New Year
,,|Ezekiel's 2520 years (year 2520 day 226,,
2nd,Fri,5708 L Teveth / 20,1367 Safar / 19,January / 2
,,|Ezekiel's 2520 years (year 2520 day 227,,
3rd,Sat,5708 L Teveth / 21,1367 Safar / 20,January / 3
,,|Ezekiel's 2520 years (year 2520 day 228,,
4th,Sun,5708 L Teveth / 22,1367 Safar / 21,January / 4
,,|Ezekiel's 2520 years (year 2520 day 229,,
5th,Mon,5708 L Teveth / 23,1367 Safar / 22,January / 5
,,|Ezekiel's 2520 years (year 2520 day 230,,
6th,Tue,5708 L Teveth / 24,1367 Safar / 23,January / 6
,,|Ezekiel's 2520 years (year 2520 day 231,,
7th,Wed,5708 L Teveth / 25,1367 Safar / 24,January / 7
,,|Ezekiel's 2520 years (year 2520 day 232,,
8th,Thu,5708 L Teveth / 26,1367 Safar / 25,January / 8
,,|Ezekiel's 2520 years (year 2520 day 233,,
9th,Fri,5708 L Teveth / 27,1367 Safar / 26,January / 9
,,|Ezekiel's 2520 years (year 2520 day 234,,
10th,Sat,5708 L Teveth / 28,1367 Safar / 27,January / 10
,,|Ezekiel's 2520 years (year 2520 day 235,,
11th,Sun     New,5708 L Teveth / 29,1367 Safar / 28,January / 11
,,|Ezekiel's 2520 years (year 2520 day 236,,
12th,Mon,5708 L Shevat / 1,1367 Safar / 29,January / 12
,,|Ezekiel's 2520 years (year 2520 day 237,,
13th,Tue,5708 L Shevat / 2,1367 Rabi al-Awwal / 1,January / 13
,,|Ezekiel's 2520 years (year 2520 day 238,,
14th,Wed,5708 L Shevat / 3,1367 Rabi al-Awwal / 2,January / 14
,,|Ezekiel's 2520 years (year 2520 day 239,,
15th,Thu,5708 L Shevat / 4,1367 Rabi al-Awwal / 3,January / 15
,,|Ezekiel's 2520 years (year 2520 day 240,,
16th,Fri,5708 L Shevat / 5,1367 Rabi al-Awwal / 4,January / 16
,,|Ezekiel's 2520 years (year 2520 day 241,,
17th,Sat,5708 L Shevat / 6,1367 Rabi al-Awwal / 5,January / 17
,,|Ezekiel's 2520 years (year 2520 day 242,,
18th,Sun,5708 L Shevat / 7,1367 Rabi al-Awwal / 6,January / 18
,,|Ezekiel's 2520 years (year 2520 day 243,,
19th,Mon,5708 L Shevat / 8,1367 Rabi al-Awwal / 7,January / 19
,,|Ezekiel's 2520 years (year 2520 day 244,,
20th,Tue,5708 L Shevat / 9,1367 Rabi al-Awwal / 8,January / 20
,,|Ezekiel's 2520 years (year 2520 day 245,,
21st,Wed,5708 L Shevat / 10,1367 Rabi al-Awwal / 9,January / 21
,,|Ezekiel's 2520 years (year 2520 day 246,,
22nd,Thu,5708 L Shevat / 11,1367 Rabi al-Awwal / 10,January / 22
,,|Ezekiel's 2520 years (year 2520 day 247,,
23rd,Fri,5708 L Shevat / 12,1367 Rabi al-Awwal / 11,January / 23
,,|Ezekiel's 2520 years (year 2520 day 248,,
24th,Sat,5708 L Shevat / 13,1367 Rabi al-Awwal / 12,January / 24
,,|Ezekiel's 2520 years (year 2520 day 249,,
25th,Sun,5708 L Shevat / 14,1367 Rabi al-Awwal / 13,January / 25
,,|Ezekiel's 2520 years (year 2520 day 250,,
26th,Mon     Full,5708 L Shevat / 15,1367 Rabi al-Awwal / 14,January / 26
,,|Ezekiel's 2520 years (year 2520 day 251,,
27th,Tue,5708 L Shevat / 16,1367 Rabi al-Awwal / 15,January / 27
,,|Ezekiel's 2520 years (year 2520 day 252,,
28th,Wed,5708 L Shevat / 17,1367 Rabi al-Awwal / 16,January / 28
,,|Ezekiel's 2520 years (year 2520 day 253,,
29th,Thu,5708 L Shevat / 18,1367 Rabi al-Awwal / 17,January / 29
,,|Ezekiel's 2520 years (year 2520 day 254,,
30th,Fri,5708 L Shevat / 19,1367 Rabi al-Awwal / 18,January / 30
,,|Ezekiel's 2520 years (year 2520 day 255,,
31st,Sat,5708 L Shevat / 20,1367 Rabi al-Awwal / 19,January / 31
,,|Ezekiel's 2520 years (year 2520 day 256,,
32nd,Sun,5708 L Shevat / 21,1367 Rabi al-Awwal / 20,February / 1
,,|Ezekiel's 2520 years (year 2520 day 257,,
33rd,Mon,5708 L Shevat / 22,1367 Rabi al-Awwal / 21,February / 2
,,|Ezekiel's 2520 years (year 2520 day 258,,
34th,Tue,5708 L Shevat / 23,1367 Rabi al-Awwal / 22,February / 3
,,|Ezekiel's 2520 years (year 2520 day 259,,
35th,Wed,5708 L Shevat / 24,1367 Rabi al-Awwal / 23,February / 4
,,|Ezekiel's 2520 years (year 2520 day 260,,
36th,Thu,5708 L Shevat / 25,1367 Rabi al-Awwal / 24,February / 5
,,|Ezekiel's 2520 years (year 2520 day 261,,
36th,Fri,5708 L Shevat / 26,1367 Rabi al-Awwal / 25,February / 6
,,|Ezekiel's 2520 years (year 2520 day 262,,
38th,Sat,5708 L Shevat / 27,1367 Rabi al-Awwal / 26,February / 7
,,|Ezekiel's 2520 years (year 2520 day 263,,
39th,Sun,5708 L Shevat / 28,1367 Rabi al-Awwal / 27,February / 8
,,|Ezekiel's 2520 years (year 2520 day 264,,
40th,Mon,5708 L Shevat / 29,1367 Rabi al-Awwal / 28,February / 9
,,|Ezekiel's 2520 years (year 2520 day 265,,
41st,Tue     New,5708 L Shevat / 30,1367 Rabi al-Awwal / 29,February / 10
,,|Ezekiel's 2520 years (year 2520 day 266,,
42nd,Wed,5708 L Adar I / 1,1367 Rabi al-Awwal / 30,February / 11
,,|Ezekiel's 2520 years (year 2520 day 267,,
43rd,Thu,5708 L Adar I / 2,1367 Rabi ath-Thani / 1,February / 12
,,|Ezekiel's 2520 years (year 2520 day 268,,
44th,Fri,5708 L Adar I / 3,1367 Rabi ath-Thani / 2,February / 13
,,|Ezekiel's 2520 years (year 2520 day 269,,
45th,Sat,5708 L Adar I / 4,1367 Rabi ath-Thani / 3,February / 14
,,|Ezekiel's 2520 years (year 2520 day 270,,
46th,Sun,5708 L Adar I / 5,1367 Rabi ath-Thani / 4,February / 15
,,|Ezekiel's 2520 years (year 2520 day 271,,
47th,Mon,5708 L Adar I / 6,1367 Rabi ath-Thani / 5,February / 16
,,|Ezekiel's 2520 years (year 2520 day 272,,
48th,Tue,5708 L Adar I / 7,1367 Rabi ath-Thani / 6,February / 17
,,|Ezekiel's 2520 years (year 2520 day 273,,
49th,Wed,5708 L Adar I / 8,1367 Rabi ath-Thani / 7,February / 18
,,|Ezekiel's 2520 years (year 2520 day 274,,
50th,Thu,5708 L Adar I / 9,1367 Rabi ath-Thani / 8,February / 19
,,|Ezekiel's 2520 years (year 2520 day 275,,
51st,Fri,5708 L Adar I / 10,1367 Rabi ath-Thani / 9,February / 20
,,|Ezekiel's 2520 years (year 2520 day 276,,
52nd,Sat,5708 L Adar I / 11,1367 Rabi ath-Thani / 10,February / 21
,,|Ezekiel's 2520 years (year 2520 day 277,,
53rd,Sun,5708 L Adar I / 12,1367 Rabi ath-Thani / 11,February / 22
,,|Ezekiel's 2520 years (year 2520 day 278,,
54th,Mon,5708 L Adar I / 13,1367 Rabi ath-Thani / 12,February / 23
,,[-----1st Ben Yehuda bombing in Jerusalem,,
,,|Ezekiel's 2520 years (year 2520 day 279,,
55th,Tue     Full,5708 L Adar I / 14,1367 Rabi ath-Thani / 13,February / 24
,,|Ezekiel's 2520 years (year 2520 day 280,,
56th,Wed,5708 L Adar I / 15,1367 Rabi ath-Thani / 14,February / 25
,,|Ezekiel's 2520 years (year 2520 day 281,,
57th,Thu,5708 L Adar I / 16,1367 Rabi ath-Thani / 15,February / 26
,,|Ezekiel's 2520 years (year 2520 day 282,,
58th,Fri,5708 L Adar I / 17,1367 Rabi ath-Thani / 16,February / 27
,,|Ezekiel's 2520 years (year 2520 day 283,,
59th,Sat,5708 L Adar I / 18,1367 Rabi ath-Thani / 17,February / 28
,,|Ezekiel's 2520 years (year 2520 day 284,,
60th,Sun,5708 L Adar I / 19,1367 Rabi ath-Thani / 18,February / 29
,,|Ezekiel's 2520 years (year 2520 day 285,,
61st,Mon,5708 L Adar I / 20,1367 Rabi ath-Thani / 19,March / 1
,,|Ezekiel's 2520 years (year 2520 day 286,,
62nd,Tue,5708 L Adar I / 21,1367 Rabi ath-Thani / 20,March / 2
,,|Ezekiel's 2520 years (year 2520 day 287,,
63rd,Wed,5708 L Adar I / 22,1367 Rabi ath-Thani / 21,March / 3
,,|Ezekiel's 2520 years (year 2520 day 288,,
64th,Thu,5708 L Adar I / 23,1367 Rabi ath-Thani / 22,March / 4
,,|Ezekiel's 2520 years (year 2520 day 289,,
65th,Fri,5708 L Adar I / 24,1367 Rabi ath-Thani / 23,March / 5
,,|Ezekiel's 2520 years (year 2520 day 290,,
66th,Sat,5708 L Adar I / 25,1367 Rabi ath-Thani / 24,March / 6
,,|Ezekiel's 2520 years (year 2520 day 291,,
67th,Sun,5708 L Adar I / 26,1367 Rabi ath-Thani / 25,March / 7
,,|Ezekiel's 2520 years (year 2520 day 292,,
68th,Mon,5708 L Adar I / 27,1367 Rabi ath-Thani / 26,March / 8
,,|Ezekiel's 2520 years (year 2520 day 293,,
,,,,[United States Supreme Court rules religious instruction violates U.S. Constitution
69th,Tue,5708 L Adar I / 28,1367 Rabi ath-Thani / 27,March / 9
,,|Ezekiel's 2520 years (year 2520 day 294,,
70th,Wed     New,5708 L Adar I / 29,1367 Rabi ath-Thani / 28,March / 10
,,|Ezekiel's 2520 years (year 2520 day 295,,
71st,Thu,5708 L Adar I / 30,1367 Rabi ath-Thani / 29,March / 11
,,|Ezekiel's 2520 years (year 2520 day 296,,
72nd,Fri,5708 L Veadar / 1,1367 Jumada l-Ula / 1,March / 12
,,|Ezekiel's 2520 years (year 2520 day 297,,
73rd,Sat,5708 L Veadar / 2,1367 Jumada l-Ula / 2,March / 13
,,|Ezekiel's 2520 years (year 2520 day 298,,
74th,Sun,5708 L Veadar / 3,1367 Jumada l-Ula / 3,March / 14
,,|Ezekiel's 2520 years (year 2520 day 299,,
75th,Mon,5708 L Veadar / 4,1367 Jumada l-Ula / 4,March / 15
,,|Ezekiel's 2520 years (year 2520 day 300,,
76th,Tue,5708 L Veadar / 5,1367 Jumada l-Ula / 5,March / 16
,,|Ezekiel's 2520 years (year 2520 day 301,,
77th,Wed,5708 L Veadar / 6,1367 Jumada l-Ula / 6,March / 17
,,|Ezekiel's 2520 years (year 2520 day 302,,
78th,Thu,5708 L Veadar / 7,1367 Jumada l-Ula / 7,March / 18
,,|Ezekiel's 2520 years (year 2520 day 303,,
79th,Fri,5708 L Veadar / 8,1367 Jumada l-Ula / 8,March / 19
,,|Ezekiel's 2520 years (year 2520 day 304,,
80th EQ,Sat,5708 L Veadar / 9,1367 Jumada l-Ula / 9,March / 20
,,|Ezekiel's 2520 years (year 2520 day 305,,
81st,Sun,5708 L Veadar / 10,1367 Jumada l-Ula / 10,March / 21
,,|Ezekiel's 2520 years (year 2520 day 306,,
82nd,Mon,5708 L Veadar / 11,1367 Jumada l-Ula / 11,March / 22
,,|Ezekiel's 2520 years (year 2520 day 307,,
83rd,Tue,5708 L Veadar / 12,1367 Jumada l-Ula / 12,March / 23
,,|Ezekiel's 2520 years (year 2520 day 308,,
84th,Wed,5708 L Veadar / 13,1367 Jumada l-Ula / 13,March / 24
,,|Ezekiel's 2520 years (year 2520 day 309,,
85th,Thu     Full,5708 L Veadar / 14,1367 Jumada l-Ula / 14,March / 25
,,|Ezekiel's 2520 years (year 2520 day 310,,
86th,Fri,5708 L Veadar / 15,1367 Jumada l-Ula / 15,March / 26
,,|Ezekiel's 2520 years (year 2520 day 311,,
87th,Sat,5708 L Veadar / 16,1367 Jumada l-Ula / 16,March / 27
,,|Ezekiel's 2520 years (year 2520 day 312,,
88th,Sun,5708 L Veadar / 17,1367 Jumada l-Ula / 17,March / 28
,,|Ezekiel's 2520 years (year 2520 day 313,,
89th,Mon,5708 L Veadar / 18,1367 Jumada l-Ula / 18,March / 29
,,|Ezekiel's 2520 years (year 2520 day 314,,
90th,Tue,5708 L Veadar / 19,1367 Jumada l-Ula / 19,March / 30
,,|Ezekiel's 2520 years (year 2520 day 315,,
91st,Wed,5708 L Veadar / 20,1367 Jumada l-Ula / 20,March / 31
,,|Ezekiel's 2520 years (year 2520 day 316,,
92nd,Thu,5708 L Veadar / 21,1367 Jumada l-Ula / 21,April / 1
,,|Ezekiel's 2520 years (year 2520 day 317,,
93rd,Fri,5708 L Veadar / 22,1367 Jumada l-Ula / 22,April / 2
,,|Ezekiel's 2520 years (year 2520 day 318,,
94th,Sat,5708 L Veadar / 23,1367 Jumada l-Ula / 23,April / 3
,,|Ezekiel's 2520 years (year 2520 day 319,,
95th,Sun,5708 L Veadar / 24,1367 Jumada l-Ula / 24,April / 4
,,|Ezekiel's 2520 years (year 2520 day 320,,
96th,Mon,5708 L Veadar / 25,1367 Jumada l-Ula / 25,April / 5
,,|Ezekiel's 2520 years (year 2520 day 321,,
97th,Tue,5708 L Veadar / 26,1367 Jumada l-Ula / 26,April / 6
,,|Ezekiel's 2520 years (year 2520 day 322,,
98th,Wed,5708 L Veadar / 27,1367 Jumada l-Ula / 27,April / 7
,,|Ezekiel's 2520 years (year 2520 day 323,,
99th,Thu,5708 L Veadar / 28,1367 Jumada l-Ula / 28,April / 8
,,|Ezekiel's 2520 years (year 2520 day 324,,
100th,Fri     New,5708 L Veadar / 29,1367 Jumada l-Ula / 29,April / 9
,,|Ezekiel's 2520 years (year 2520 day 325,,
101st,Sat,5708 L Nisan / 1,1367 Jumada l-Ula / 30,April / 10
,,|Ezekiel's 2520 years (year 2520 day 326,,
102nd,Sun,5708 L Nisan / 2,1367 Jumada t-Tania / 1,April / 11
,,|Ezekiel's 2520 years (year 2520 day 327,,
103rd,Mon,5708 L Nisan / 3,1367 Jumada t-Tania / 2,April / 12
,,|Ezekiel's 2520 years (year 2520 day 328,,
104th,Tue,5708 L Nisan / 4,1367 Jumada t-Tania / 3,April / 13
,,|Ezekiel's 2520 years (year 2520 day 329,,
105th,Wed,5708 L Nisan / 5,1367 Jumada t-Tania / 4,April / 14
,,|Ezekiel's 2520 years (year 2520 day 330,,
106th,Thu,5708 L Nisan / 6,1367 Jumada t-Tania / 5,April / 15
,,|Ezekiel's 2520 years (year 2520 day 331,,
107th,Fri,5708 L Nisan / 7,1367 Jumada t-Tania / 6,April / 16
,,|Ezekiel's 2520 years (year 2520 day 332,,
108th,Sat,5708 L Nisan / 8,1367 Jumada t-Tania / 7,April / 17
,,|Ezekiel's 2520 years (year 2520 day 333,,
109th,Sun,5708 L Nisan / 9,1367 Jumada t-Tania / 8,April / 18
,,|Ezekiel's 2520 years (year 2520 day 334,,
110th,Mon,5708 L Nisan / 10,1367 Jumada t-Tania / 9,April / 19
,,|Ezekiel's 2520 years (year 2520 day 335,,
111th,Tue,5708 L Nisan / 11,1367 Jumada t-Tania / 10,April / 20
,,|Ezekiel's 2520 years (year 2520 day 336,,
112th,Wed,5708 L Nisan / 12,1367 Jumada t-Tania / 11,April / 21
,,|Ezekiel's 2520 years (year 2520 day 337,,
113th,Thu,5708 L Nisan / 13,1367 Jumada t-Tania / 12,April / 22
,,|Ezekiel's 2520 years (year 2520 day 338,,
114th,Fri     Full,5708 L Nisan / 14,1367 Jumada t-Tania / 13,April / 23
,,|Ezekiel's 2520 years (year 2520 day 339,,
115th,Sat,5708 L Nisan / 15,1367 Jumada t-Tania / 14,April / 24
,,|Ezekiel's 2520 years (year 2520 day 340,,
116th,Sun,5708 L Nisan / 16,1367 Jumada t-Tania / 15,April / 25
,,|Ezekiel's 2520 years (year 2520 day 341,,
117th,Mon,5708 L Nisan / 17,1367 Jumada t-Tania / 16,April / 26
,,|Ezekiel's 2520 years (year 2520 day 342,,
118th,Tue,5708 L Nisan / 18,1367 Jumada t-Tania / 17,April / 27
,,|Ezekiel's 2520 years (year 2520 day 343,,
119th,Wed,5708 L Nisan / 19,1367 Jumada t-Tania / 18,April / 28
,,|Ezekiel's 2520 years (year 2520 day 344,,
120th,Thu,5708 L Nisan / 20,1367 Jumada t-Tania / 19,April / 29
,,|Ezekiel's 2520 years (year 2520 day 345,,
121st,Fri,5708 L Nisan / 21,1367 Jumada t-Tania / 20,April / 30
,,|Ezekiel's 2520 years (year 2520 day 346,,
122nd,Sat,5708 L Nisan / 22,1367 Jumada t-Tania / 21,May / 1
,,|Ezekiel's 2520 years (year 2520 day 347,,
123rd,Sun,5708 L Nisan / 23,1367 Jumada t-Tania / 22,May / 2
,,|Ezekiel's 2520 years (year 2520 day 348,,
124th,Mon,5708 L Nisan / 24,1367 Jumada t-Tania / 23,May / 3
,,|Ezekiel's 2520 years (year 2520 day 349,,
125th,Tue,5708 L Nisan / 25,1367 Jumada t-Tania / 24,May / 4
,,|Ezekiel's 2520 years (year 2520 day 350,,
126th,Wed,5708 L Nisan / 26,1367 Jumada t-Tania / 25,May / 5
,,|Ezekiel's 2520 years (year 2520 day 351,,
127th,Thu,5708 L Nisan / 27,1367 Jumada t-Tania / 26,May / 6
,,|Ezekiel's 2520 years (year 2520 day 352,,
128th,Fri,5708 L Nisan / 28,1367 Jumada t-Tania / 27,May / 7
,,|Ezekiel's 2520 years (year 2520 day 353,,
129th,Sat,5708 L Nisan / 29,1367 Jumada t-Tania / 28,May / 8
,,|Ezekiel's 2520 years (year 2520 day 354,,
130th,Sun     New,5708 L Nisan / 30,1367 Jumada t-Tania / 29,May / 9
,,|Ezekiel's 2520 years (year 2520 day 355,,
131st,Mon,5708 L Iyyar / 1,1367 Rajab / 1,May / 10
,,|Ezekiel's 2520 years (year 2520 day 356,,
132nd,Tue,5708 L Iyyar / 2,1367 Rajab / 2,May / 11
,,|Ezekiel's 2520 years (year 2520 day 357,,
133rd,Wed,5708 L Iyyar / 3,1367 Rajab / 3,May / 12
,,|Ezekiel's 2520 years (year 2520 day 358,,
134th,Thu,5708 L Iyyar / 4,1367 Rajab / 4,May / 13
,,|Ezekiel's 2520 years (year 2520 day 359,,
135th,Fri,5708 L Iyyar / 5,1367 Rajab / 5,May / 14
,,|Ezekiel's 2520 years (year 2520 day 360,,
,,[Israeli Declaration of Independence,,
,,|Davi Ben-Gurion made 1st Prime minister,,
136th,Sat,5708 L Iyyar / 6,1367 Rajab / 6,May / 15
,,[Arab-Israeli War starts,,
,,[Egypt attacked Nirim and Kfar Darom,,
137th,Sun,5708 L Iyyar / 7,1367 Rajab / 7,May / 16
138th,Mon,5708 L Iyyar / 8,1367 Rajab / 8,May / 17
139th,Tue,5708 L Iyyar / 9,1367 Rajab / 9,May / 18
140th,Wed,5708 L Iyyar / 10,1367 Rajab / 10,May / 19
,,[Egypt attacked Yad Mordechai day 1,,
141st,Thu,5708 L Iyyar / 11,1367 Rajab / 11,May / 20
,,[Egyption attack of Yad Mordechai day 2,,
142nd,Fri,5708 L Iyyar / 12,1367 Rajab / 12,May / 21
,,[Egyption attack of Yad Mordechai day 3,,
143rd,Sat,5708 L Iyyar / 13,1367 Rajab / 13,May / 22
,,[Egyption attack of Yad Mordechai day 4,,
144th,Sun     Full,5708 L Iyyar / 14,1367 Rajab / 14,May / 23
,,[Egyption attack of Yad Mordechai day 5,,
145th,Mon,5708 L Iyyar / 15,1367 Rajab / 15,May / 24
146th,Tue,5708 L Iyyar / 16,1367 Rajab / 16,May / 25
147th,Wed,5708 L Iyyar / 17,1367 Rajab / 17,May / 26
,,[Israeli Defense Forces established,,
148th,Thu,5708 L Iyyar / 18,1367 Rajab / 18,May / 27
149th,Fri,5708 L Iyyar / 19,1367 Rajab / 19,May / 28
150th,Sat,5708 L Iyyar / 20,1367 Rajab / 20,May / 29
151st,Sun,5708 L Iyyar / 21,1367 Rajab / 21,May / 30
152nd,Mon,5708 L Iyyar / 22,1367 Rajab / 22,May / 31
153rd,Tue,5708 L Iyyar / 23,1367 Rajab / 23,June / 1
154th,Wed,5708 L Iyyar / 24,1367 Rajab / 24,June / 2
155th,Thu,5708 L Iyyar / 25,1367 Rajab / 25,June / 3
156th,Fri,5708 L Iyyar / 26,1367 Rajab / 26,June / 4
157th,Sat,5708 L Iyyar / 27,1367 Rajab / 27,June / 5
158th,Sun,5708 L Iyyar / 28,1367 Rajab / 28,June / 6
159th,Mon     New,5708 L Iyyar / 29,1367 Rajab / 29,June / 7
160th S,Tue,5708 L Sivan / 1,1367 Rajab / 30,June / 8
161st,Wed,5708 L Sivan / 2,1367 Sha'ban / 1,June / 9
162nd,Thu,5708 L Sivan / 3,1367 Sha'ban / 2,June / 10
163rd,Fri,5708 L Sivan / 4,1367 Sha'ban / 3,June / 11
164th,Sat,5708 L Sivan / 5,1367 Sha'ban / 4,June / 12
165th,Sun,5708 L Sivan / 6,1367 Sha'ban / 5,June / 13
166th,Mon,5708 L Sivan / 7,1367 Sha'ban / 6,June / 14
167th,Tue,5708 L Sivan / 8,1367 Sha'ban / 7,June / 15
168th,Wed,5708 L Sivan / 9,1367 Sha'ban / 8,June / 16
169th,Thu,5708 L Sivan / 10,1367 Sha'ban / 9,June / 17
170th,Fri,5708 L Sivan / 11,1367 Sha'ban / 10,June / 18
171st,Sat,5708 L Sivan / 12,1367 Sha'ban / 11,June / 19
172nd,Sun,5708 L Sivan / 13,1367 Sha'ban / 12,June / 20
173rd,Mon     Full,5708 L Sivan / 14,1367 Sha'ban / 13,June / 21
174th,Tue,5708 L Sivan / 15,1367 Sha'ban / 14,June / 22
175th,Wed,5708 L Sivan / 16,1367 Sha'ban / 15,June / 23
176th,Thu,5708 L Sivan / 17,1367 Sha'ban / 16,June / 24
177th,Fri,5708 L Sivan / 18,1367 Sha'ban / 17,June / 25
178th,Sat,5708 L Sivan / 19,1367 Sha'ban / 18,June / 26
179th,Sun,5708 L Sivan / 20,1367 Sha'ban / 19,June / 27
180th,Mon,5708 L Sivan / 21,1367 Sha'ban / 20,June / 28
181st,Tue,5708 L Sivan / 22,1367 Sha'ban / 21,June / 29
182nd,Wed,5708 L Sivan / 23,1367 Sha'ban / 22,June / 30
183rd,Thu,5708 L Sivan / 24,1367 Sha'ban / 23,July / 1
184th,Fri,5708 L Sivan / 25,1367 Sha'ban / 24,July / 2
185th,Sat,5708 L Sivan / 26,1367 Sha'ban / 25,July / 3
186th,Sun,5708 L Sivan / 27,1367 Sha'ban / 26,July / 4
187th,Mon,5708 L Sivan / 28,1367 Sha'ban / 27,July / 5
188th,Tue     New,5708 L Sivan / 29,1367 Sha'ban / 28,July / 6
189th,Wed,5708 L Sivan / 30,1367 Sha'ban / 29,July / 7
190th,Thu,5708 L Tammuz / 1,1367 Ramadan / 1,July / 8
191st,Fri,5708 L Tammuz / 2,1367 Ramadan / 2,July / 9
192nd,Sat,5708 L Tammuz / 3,1367 Ramadan / 3,July / 10
193rd,Sun,5708 L Tammuz / 4,1367 Ramadan / 4,July / 11
194th,Mon,5708 L Tammuz / 5,1367 Ramadan / 5,July / 12
195th,Tue,5708 L Tammuz / 6,1367 Ramadan / 6,July / 13
196th,Wed,5708 L Tammuz / 7,1367 Ramadan / 7,July / 14
197th,Thu,5708 L Tammuz / 8,1367 Ramadan / 8,July / 15
198th,Fri,5708 L Tammuz / 9,1367 Ramadan / 9,July / 16
199th,Sat,5708 L Tammuz / 10,1367 Ramadan / 10,July / 17
200th,Sun,5708 L Tammuz / 11,1367 Ramadan / 11,July / 18
201st,Mon,5708 L Tammuz / 12,1367 Ramadan / 12,July / 19
202nd,Tue,5708 L Tammuz / 13,1367 Ramadan / 13,July / 20
203rd,Wed     Full,5708 L Tammuz / 14,1367 Ramadan / 14,July / 21
204th,Thu,5708 L Tammuz / 15,1367 Ramadan / 15,July / 22
205th,Fri,5708 L Tammuz / 16,1367 Ramadan / 16,July / 23
206th,Sat,5708 L Tammuz / 17,1367 Ramadan / 17,July / 24
207th,Sun,5708 L Tammuz / 18,1367 Ramadan / 18,July / 25
208th,Mon,5708 L Tammuz / 19,1367 Ramadan / 19,July / 26
209th,Tue,5708 L Tammuz / 20,1367 Ramadan / 20,July / 27
210th,Wed,5708 L Tammuz / 21,1367 Ramadan / 21,July / 28
211th,Thu,5708 L Tammuz / 22,1367 Ramadan / 22,July / 29
212th,Fri,5708 L Tammuz / 23,1367 Ramadan / 23,July / 30
213th,Sat,5708 L Tammuz / 24,1367 Ramadan / 24,July / 31
214th,Sun,5708 L Tammuz / 25,1367 Ramadan / 25,August / 1
215th,Mon,5708 L Tammuz / 26,1367 Ramadan / 26,August / 2
216th,Tue,5708 L Tammuz / 27,1367 Ramadan / 27,August / 3
217th,Wed,5708 L Tammuz / 28,1367 Ramadan / 28,August / 4
218th,Thu     New,5708 L Tammuz / 29,1367 Ramadan / 29,August / 5
219th,Fri,5708 L Av / 1,1367 Ramadan / 30,August / 6
220th,Sat,5708 L Av / 2,1367 Shawwal / 1,August / 7
221st,Sun,5708 L Av / 3,1367 Shawwal / 2,August / 8
222nd,Mon,5708 L Av / 4,1367 Shawwal / 3,August / 9
223rd,Tue,5708 L Av / 5,1367 Shawwal / 4,August / 10
224th,Wed,5708 L Av / 6,1367 Shawwal / 5,August / 11
225th,Thu,5708 L Av / 7,1367 Shawwal / 6,August / 12
226th,Fri,5708 L Av / 8,1367 Shawwal / 7,August / 13
227th,Sat,5708 L Av / 9,1367 Shawwal / 8,August / 14
228th,Sun,5708 L Av / 10,1367 Shawwal / 9,August / 15
229th,Mon,5708 L Av / 11,1367 Shawwal / 10,August / 16
230th,Tue,5708 L Av / 12,1367 Shawwal / 11,August / 17
231st,Wed,5708 L Av / 13,1367 Shawwal / 12,August / 18
232nd,Thu     Full,5708 L Av / 14,1367 Shawwal / 13,August / 19
233rd,Fri,5708 L Av / 15,1367 Shawwal / 14,August / 20
234th,Sat,5708 L Av / 16,1367 Shawwal / 15,August / 21
235th,Sun,5708 L Av / 17,1367 Shawwal / 16,August / 22
236th,Mon,5708 L Av / 18,1367 Shawwal / 17,August / 23
237th,Tue,5708 L Av / 19,1367 Shawwal / 18,August / 24
238th,Wed,5708 L Av / 20,1367 Shawwal / 19,August / 25
239th,Thu,5708 L Av / 21,1367 Shawwal / 20,August / 26
240th,Fri,5708 L Av / 22,1367 Shawwal / 21,August / 27
241st,Sat,5708 L Av / 23,1367 Shawwal / 22,August / 28
242nd,Sun,5708 L Av / 24,1367 Shawwal / 23,August / 29
243rd,Mon,5708 L Av / 25,1367 Shawwal / 24,August / 30
244th,Tue,5708 L Av / 26,1367 Shawwal / 25,August / 31
245th,Wed,5708 L Av / 27,1367 Shawwal / 26,September / 1
246th,Thu,5708 L Av / 28,1367 Shawwal / 27,September / 2
247th,Fri     New,5708 L Av / 29,1367 Shawwal / 28,September / 3
248th,Sat,5708 L Av / 30,1367 Shawwal / 29,September / 4
249th,Sun,5708 L Elul / 1,1367 Dhu l-Qa'da / 1,September / 5
250th,Mon,5708 L Elul / 2,1367 Dhu l-Qa'da / 2,September / 6
251st,Tue,5708 L Elul / 3,1367 Dhu l-Qa'da / 3,September / 7
252nd,Wed,5708 L Elul / 4,1367 Dhu l-Qa'da / 4,September / 8
253rd,Thu,5708 L Elul / 5,1367 Dhu l-Qa'da / 5,September / 9
254th,Fri,5708 L Elul / 6,1367 Dhu l-Qa'da / 6,September / 10
255th,Sat,5708 L Elul / 7,1367 Dhu l-Qa'da / 7,September / 11
256th,Sun,5708 L Elul / 8,1367 Dhu l-Qa'da / 8,September / 12
257th,Mon,5708 L Elul / 9,1367 Dhu l-Qa'da / 9,September / 13
258th,Tue,5708 L Elul / 10,1367 Dhu l-Qa'da / 10,September / 14
259th,Wed,5708 L Elul / 11,1367 Dhu l-Qa'da / 11,September / 15
260th,Thu,5708 L Elul / 12,1367 Dhu l-Qa'da / 12,September / 16
261st,Fri,5708 L Elul / 13,1367 Dhu l-Qa'da / 13,September / 17
262nd,Sat     Full,5708 L Elul / 14,1367 Dhu l-Qa'da / 14,September / 18
263rd,Sun,5708 L Elul / 15,1367 Dhu l-Qa'da / 15,September / 19
264th,Mon,5708 L Elul / 16,1367 Dhu l-Qa'da / 16,September / 20
265th,Tue,5708 L Elul / 17,1367 Dhu l-Qa'da / 17,September / 21
266th EQ,Wed,5708 L Elul / 18,1367 Dhu l-Qa'da / 18,September / 22
267th,Thu,5708 L Elul / 19,1367 Dhu l-Qa'da / 19,September / 23
268th,Fri,5708 L Elul / 20,1367 Dhu l-Qa'da / 20,September / 24
269th,Sat,5708 L Elul / 21,1367 Dhu l-Qa'da / 21,September / 25
270th,Sun,5708 L Elul / 22,1367 Dhu l-Qa'da / 22,September / 26
271st,Mon,5708 L Elul / 23,1367 Dhu l-Qa'da / 23,September / 27
272nd,Tue,5708 L Elul / 24,1367 Dhu l-Qa'da / 24,September / 28
273rd,Wed,5708 L Elul / 25,1367 Dhu l-Qa'da / 25,September / 29
274th,Thu,5708 L Elul / 26,1367 Dhu l-Qa'da / 26,September / 30
275th,Fri,5708 L Elul / 27,1367 Dhu l-Qa'da / 27,October / 1
276th,Sat     New,5708 L Elul / 28,1367 Dhu l-Qa'da / 28,October / 2
277th,Sun,5708 L Elul / 29,1367 Dhu l-Qa'da / 29,October / 3
278th,Mon,5709 Tishri / 1 New Year,1367 Dhu l-Qa'da / 30,October / 4
279th,Tue,5709 Tishri / 2,1367 Dhu l-Hijja / 1,October / 5
280th,Wed,5709 Tishri / 3,1367 Dhu l-Hijja / 2,October / 6
281st,Thu,5709 Tishri / 4,1367 Dhu l-Hijja / 3,October / 7
282nd,Fri,5709 Tishri / 5,1367 Dhu l-Hijja / 4,October / 8
283rd,Sat,5709 Tishri / 6,1367 Dhu l-Hijja / 5,October / 9
284th,Sun,5709 Tishri / 7,1367 Dhu l-Hijja / 6,October / 10
285th,Mon,5709 Tishri / 8,1367 Dhu l-Hijja / 7,October / 11
286th,Tue,5709 Tishri / 9,1367 Dhu l-Hijja / 8,October / 12
287th,Wed,5709 Tishri / 10,1367 Dhu l-Hijja / 9,October / 13
288th,Thu,5709 Tishri / 11,1367 Dhu l-Hijja / 10,October / 14
289th,Fri,5709 Tishri / 12,1367 Dhu l-Hijja / 11,October / 15
290th,Sat,5709 Tishri / 13,1367 Dhu l-Hijja / 12,October / 16
291st,Sun,5709 Tishri / 14,1367 Dhu l-Hijja / 13,October / 17
292nd,Mon     Full,5709 Tishri / 15,1367 Dhu l-Hijja / 14,October / 18
293rd,Tue,5709 Tishri / 16,1367 Dhu l-Hijja / 15,October / 19
294th,Wed,5709 Tishri / 17,1367 Dhu l-Hijja / 16,October / 20
295th,Thu,5709 Tishri / 18,1367 Dhu l-Hijja / 17,October / 21
296th,Fri,5709 Tishri / 19,1367 Dhu l-Hijja / 18,October / 22
297th,Sat,5709 Tishri / 20,1367 Dhu l-Hijja / 19,October / 23
298th,Sun,5709 Tishri / 21,1367 Dhu l-Hijja / 20,October / 24
299th,Mon,5709 Tishri / 22,1367 Dhu l-Hijja / 21,October / 25
300th,Tue,5709 Tishri / 23,1367 Dhu l-Hijja / 22,October / 26
301st,Wed,5709 Tishri / 24,1367 Dhu l-Hijja / 23,October / 27
302nd,Thu,5709 Tishri / 25,1367 Dhu l-Hijja / 24,October / 28
303rd,Fri,5709 Tishri / 26,1367 Dhu l-Hijja / 25,October / 29
304th,Sat,5709 Tishri / 27,1367 Dhu l-Hijja / 26,October / 30
305th,Sun,5709 Tishri / 28,1367 Dhu l-Hijja / 27,October / 31
306th,Mon     New,5709 Tishri / 29,1367 Dhu l-Hijja / 28,November / 1
307th,Tue,5709 Tishri / 30,1367 Dhu l-Hijja / 29,November / 2
308th,Wed,5709 Heshvan / 1,1368 Muharram / 1 New Year,November / 3
309th,Thu,5709 Heshvan / 2,1368 Muharram / 2,November / 4
310th,Fri,5709 Heshvan / 3,1368 Muharram / 3,November / 5
311th,Sat,5709 Heshvan / 4,1368 Muharram / 4,November / 6
312th,Sun,5709 Heshvan / 5,1368 Muharram / 5,November / 7
313th,Mon,5709 Heshvan / 6,1368 Muharram / 6,November / 8
314th,Tue,5709 Heshvan / 7,1368 Muharram / 7,November / 9
315th,Wed,5709 Heshvan / 8,1368 Muharram / 8,November / 10
316th,Thu,5709 Heshvan / 9,1368 Muharram / 9,November / 11
317th,Fri,5709 Heshvan / 10,1368 Muharram / 10,November / 12
318th,Sat,5709 Heshvan / 11,1368 Muharram / 11,November / 13
319th,Sun,5709 Heshvan / 12,1368 Muharram / 12,November / 14
320th,Mon,5709 Heshvan / 13,1368 Muharram / 13,November / 15
321st,Tue     Full,5709 Heshvan / 14,1368 Muharram / 14,November / 16
322nd,Wed,5709 Heshvan / 15,1368 Muharram / 15,November / 17
323rd,Thu,5709 Heshvan / 16,1368 Muharram / 16,November / 18
324th,Fri,5709 Heshvan / 17,1368 Muharram / 17,November / 19
325th,Sat,5709 Heshvan / 18,1368 Muharram / 18,November / 20
326th,Sun,5709 Heshvan / 19,1368 Muharram / 19,November / 21
327th,Mon,5709 Heshvan / 20,1368 Muharram / 20,November / 22
328th,Tue,5709 Heshvan / 21,1368 Muharram / 21,November / 23
329th,Wed,5709 Heshvan / 22,1368 Muharram / 22,November / 24
330th,Thu,5709 Heshvan / 23,1368 Muharram / 23,November / 25
331st,Fri,5709 Heshvan / 24,1368 Muharram / 24,November / 26
332nd,Sat,5709 Heshvan / 25,1368 Muharram / 25,November / 27
333rd,Sun,5709 Heshvan / 26,1368 Muharram / 26,November / 28
334th,Mon,5709 Heshvan / 27,1368 Muharram / 27,November / 29
335th,Tue     New,5709 Heshvan / 28,1368 Muharram / 28,November / 30
336th,Wed,5709 Heshvan / 29,1368 Muharram / 29,December / 1
337th,Thu,5709 Heshvan / 30,1368 Muharram / 30,December / 2
338th,Fri,5709 Kislev / 1,1368 Safar / 1,December / 3
339th,Sat,5709 Kislev / 2,1368 Safar / 2,December / 4
340th,Sun,5709 Kislev / 3,1368 Safar / 3,December / 5
341st,Mon,5709 Kislev / 4,1368 Safar / 4,December / 6
342nd,Tue,5709 Kislev / 5,1368 Safar / 5,December / 7
343rd,Wed,5709 Kislev / 6,1368 Safar / 6,December / 8
344th,Thu,5709 Kislev / 7,1368 Safar / 7,December / 9
345th,Fri,5709 Kislev / 8,1368 Safar / 8,December / 10
346th,Sat,5709 Kislev / 9,1368 Safar / 9,December / 11
347th,Sun,5709 Kislev / 10,1368 Safar / 10,December / 12
348th,Mon,5709 Kislev / 11,1368 Safar / 11,December / 13
349th,Tue,5709 Kislev / 12,1368 Safar / 12,December / 14
350th,Wed,5709 Kislev / 13,1368 Safar / 13,December / 15
351st,Thu     Full,5709 Kislev / 14,1368 Safar / 14,December / 16
352nd,Fri,5709 Kislev / 15,1368 Safar / 15,December / 17
353rd,Sat,5709 Kislev / 16,1368 Safar / 16,December / 18
354th,Sun,5709 Kislev / 17,1368 Safar / 17,December / 19
355th,Mon,5709 Kislev / 18,1368 Safar / 18,December / 20
356th,Tue,5709 Kislev / 19,1368 Safar / 19,December / 21
357th,Wed,5709 Kislev / 20,1368 Safar / 20,December / 22
358th,Thu,5709 Kislev / 21,1368 Safar / 21,December / 23
359th,Fri,5709 Kislev / 22,1368 Safar / 22,December / 24
360th,Sat,5709 Kislev / 23,1368 Safar / 23,December / 25
361st,Sun,5709 Kislev / 24,1368 Safar / 24,December / 26
362nd,Mon,5709 Kislev / 25,1368 Safar / 25,December / 27
363rd,Tue,5709 Kislev / 26,1368 Safar / 26,December / 28
364th,Wed,5709 Kislev / 27,1368 Safar / 27,December / 29
365th,Thu     New,5709 Kislev / 28,1368 Safar / 28,December / 30
366th,Fri,5709 Kislev / 29,1368 Safar / 29,December / 31
