SOLAR,8000 L,HEBREW,SELEUCID ERA,CAPPADOCIA,EGYPT Civil,JULIAN AUC,HISTORICAL
1st,Sat,3760 L Shevat / 8,311 Peritios / 6,Artegeste / 18,PERET Tybi / 6,753 Ianuarius \ 1,1 BC L Jan \ 3
,,|-----Daniel's Weeks Prophecy / Week 65 Day 2-101,,,,,
2nd,Sun,3760 L Shevat / 9,311 Peritios / 7,Artegeste / 19,PERET Tybi / 7,753 Ianuarius \ 2,1 BC L Jan \ 4
,,|-----Daniel's Weeks Prophecy / Week 65 Day 2-102,,,,,
3rd,Mon,3760 L Shevat / 10,311 Peritios / 8,Artegeste / 20,PERET Tybi / 8,753 Ianuarius \ 3,1 BC L Jan \ 5
,,|-----Daniel's Weeks Prophecy / Week 65 Day 2-103,,,,,
4th,Tue,3760 L Shevat / 11,311 Peritios / 9,Artegeste / 21,PERET Tybi / 9,753 Ianuarius \ 4,1 BC L Jan \ 6
,,|-----Daniel's Weeks Prophecy / Week 65 Day 2-104,,,,,
5th,Wed,3760 L Shevat / 12,311 Peritios / 10,Artegeste / 22,PERET Tybi / 10,753 Ianuarius \ 5,1 BC L Jan \ 7
,,|-----Daniel's Weeks Prophecy / Week 65 Day 2-105,,,,,
6th,Thu,3760 L Shevat / 13,311 Peritios / 11,Artegeste / 23,PERET Tybi / 11,753 Ianuarius \ 6,1 BC L Jan \ 8
,,|-----Daniel's Weeks Prophecy / Week 65 Day 2-106,,,,,
7th,Fri     Full Moon,3760 L Shevat / 14,311 Peritios / 12,Artegeste / 24,PERET Tybi / 12,753 Ianuarius \ 7,1 BC L Jan \ 9
,,|-----Daniel's Weeks Prophecy / Week 65 Day 2-107,,,,,
8th,Sat,3760 L Shevat / 15,311 Peritios / 13,Artegeste / 25,PERET Tybi / 13,753 Ianuarius \ 8,1 BC L Jan \ 10
,,|-----Daniel's Weeks Prophecy / Week 65 Day 2-108,,,,,
,,[-----Total Eclipse,,,,,
9th,Sun,3760 L Shevat / 16,311 Peritios / 14,Artegeste / 26,PERET Tybi / 14,753 Ianuarius \ 9,1 BC L Jan \ 11
,,|-----Daniel's Weeks Prophecy / Week 65 Day 2-109,,,,,
10th,Mon,3760 L Shevat / 17,311 Peritios / 15,Artegeste / 27,PERET Tybi / 15,753 Ianuarius \ 10,1 BC L Jan \ 12
,,|-----Daniel's Weeks Prophecy / Week 65 Day 2-110,,,,,
11th,Tue,3760 L Shevat / 18,311 Peritios / 16,Artegeste / 28,PERET Tybi / 16,753 Ianuarius \ 11,1 BC L Jan \ 13
,,|-----Daniel's Weeks Prophecy / Week 65 Day 2-111,,,,,
12th,Wed,3760 L Shevat / 19,311 Peritios / 17,Artegeste / 29,PERET Tybi / 17,753 Ianuarius \ 12,1 BC L Jan \ 14
,,|-----Daniel's Weeks Prophecy / Week 65 Day 2-112,,,,,
13th,Thu,3760 L Shevat / 20,311 Peritios / 18,Artegeste / 30,PERET Tybi / 18,753 Ianuarius \ 13,1 BC L Jan \ 15
,,|-----Daniel's Weeks Prophecy / Week 65 Day 2-113,,,,,
14th,Fri,3760 L Shevat / 21,311 Peritios / 19,Ararata / 1,PERET Tybi / 19,753 Ianuarius \ 14,1 BC L Jan \ 16
,,|-----Daniel's Weeks Prophecy / Week 65 Day 2-114,,,,,
15th,Sat,3760 L Shevat / 22,311 Peritios / 20,Ararata / 2,PERET Tybi / 20,753 Ianuarius \ 15,1 BC L Jan \ 17
,,|-----Daniel's Weeks Prophecy / Week 65 Day 2-115,,,,,
16th,Sun,3760 L Shevat / 23,311 Peritios / 21,Ararata / 3,PERET Tybi / 21,753 Ianuarius \ 16,1 BC L Jan \ 18
,,|-----Daniel's Weeks Prophecy / Week 65 Day 2-116,,,,,
17th,Mon,3760 L Shevat / 24,311 Peritios / 22,Ararata / 4,PERET Tybi / 22,753 Ianuarius \ 17,1 BC L Jan \ 19
,,|-----Daniel's Weeks Prophecy / Week 65 Day 2-117,,,,,
18th,Tue,3760 L Shevat / 25,311 Peritios / 23,Ararata / 5,PERET Tybi / 23,753 Ianuarius \ 18,1 BC L Jan \ 20
,,|-----Daniel's Weeks Prophecy / Week 65 Day 2-118,,,,,
19th,Wed,3760 L Shevat / 26,311 Peritios / 24,Ararata / 6,PERET Tybi / 24,753 Ianuarius \ 19,1 BC L Jan \ 21
,,|-----Daniel's Weeks Prophecy / Week 65 Day 2-119,,,,,
20th,Thu,3760 L Shevat / 27,311 Peritios / 25,Ararata / 7,PERET Tybi / 25,753 Ianuarius \ 20,1 BC L Jan \ 22
,,|-----Daniel's Weeks Prophecy / Week 65 Day 2-120,,,,,
21st,Fri,3760 L Shevat / 28,311 Peritios / 26,Ararata / 8,PERET Tybi / 26,753 Ianuarius \ 21,1 BC L Jan \ 23
,,|-----Daniel's Weeks Prophecy / Week 65 Day 2-121,,,,,
22nd,Sat,3760 L Shevat / 29,311 Peritios / 27,Ararata / 9,PERET Tybi / 27,753 Ianuarius \ 22,1 BC L Jan \ 24
,,|-----Daniel's Weeks Prophecy / Week 65 Day 2-122,,,,,
23rd,Sun     New Moon,3760 L Shevat / 30,311 Peritios / 28,Ararata / 10,PERET Tybi / 28,753 Ianuarius \ 23,1 BC L Jan \ 25
,,|-----Daniel's Weeks Prophecy / Week 65 Day 2-123,,,,,
24th,Mon,3760 L Adar I / 1,311 Peritios / 29,Ararata / 11,PERET Tybi / 29,753 Ianuarius \ 24,1 BC L Jan \ 26
,,|-----Daniel's Weeks Prophecy / Week 65 Day 2-124,,,,,
25th,Tue,3760 L Adar I / 2,311 Dystros / 1,Ararata / 12,PERET Tybi / 30,753 Ianuarius \ 25,1 BC L Jan \ 27
,,|-----Daniel's Weeks Prophecy / Week 65 Day 2-125,,,,,
26th,Wed,3760 L Adar I / 3,311 Dystros / 2,Ararata / 13,PERET Mechir / 1,753 Ianuarius \ 26,1 BC L Jan \ 28
,,|-----Daniel's Weeks Prophecy / Week 65 Day 2-126,,,,,
27th,Thu,3760 L Adar I / 4,311 Dystros / 3,Ararata / 14,PERET Mechir / 2,753 Ianuarius \ 27,1 BC L Jan \ 29
,,|-----Daniel's Weeks Prophecy / Week 65 Day 2-127,,,,,
28th,Fri,3760 L Adar I / 5,311 Dystros / 4,Ararata / 15,PERET Mechir / 3,753 Ianuarius \ 28,1 BC L Jan \ 30
,,|-----Daniel's Weeks Prophecy / Week 65 Day 2-128,,,,,
29th,Sat,3760 L Adar I / 6,311 Dystros / 5,Ararata / 16,PERET Mechir / 4,753 Ianuarius \ 29,1 BC L Jan \ 31
,,|-----Daniel's Weeks Prophecy / Week 65 Day 2-129,,,,,
30th,Sun,3760 L Adar I / 7,311 Dystros / 6,Ararata / 17,PERET Mechir / 5,753 Ianuarius \ 30,1 BC L Feb \ 1
,,|-----Daniel's Weeks Prophecy / Week 65 Day 2-130,,,,,
31st,Mon,3760 L Adar I / 8,311 Dystros / 7,Ararata / 18,PERET Mechir / 6,753 Ianuarius \ 31,1 BC L Feb \ 2
,,|-----Daniel's Weeks Prophecy / Week 65 Day 2-131,,,,,
32nd,Tue,3760 L Adar I / 9,311 Dystros / 8,Ararata / 19,PERET Mechir / 7,753 Februarius \ 1,1 BC L Feb \ 3
,,|-----Daniel's Weeks Prophecy / Week 65 Day 2-132,,,,,
33rd,Wed,3760 L Adar I / 10,311 Dystros / 9,Ararata / 20,PERET Mechir / 8,753 Februarius \ 2,1 BC L Feb \ 4
,,|-----Daniel's Weeks Prophecy / Week 65 Day 2-133,,,,,
34th,Thu,3760 L Adar I / 11,311 Dystros / 10,Ararata / 21,PERET Mechir / 9,753 Februarius \ 3,1 BC L Feb \ 5
,,|-----Daniel's Weeks Prophecy / Week 65 Day 2-134,,,,,
35th,Fri,3760 L Adar I / 12,311 Dystros / 11,Ararata / 22,PERET Mechir / 10,753 Februarius \ 4,1 BC L Feb \ 6
,,|-----Daniel's Weeks Prophecy / Week 65 Day 2-135,,,,,
36th,Sat,3760 L Adar I / 13,311 Dystros / 12,Ararata / 23,PERET Mechir / 11,753 Februarius \ 5,1 BC L Feb \ 7
,,|-----Daniel's Weeks Prophecy / Week 65 Day 2-136,,,,,
36th,Sun     Full Moon,3760 L Adar I / 14,311 Dystros / 13,Ararata / 24,PERET Mechir / 12,753 Februarius \ 6,1 BC L Feb \ 8
,,|-----Daniel's Weeks Prophecy / Week 65 Day 2-137,,,,,
38th,Mon,3760 L Adar I / 15,311 Dystros / 14,Ararata / 25,PERET Mechir / 13,753 Februarius \ 7,1 BC L Feb \ 9
,,|-----Daniel's Weeks Prophecy / Week 65 Day 2-138,,,,,
39th,Tue,3760 L Adar I / 16,311 Dystros / 15,Ararata / 26,PERET Mechir / 14,753 Februarius \ 8,1 BC L Feb \ 10
,,|-----Daniel's Weeks Prophecy / Week 65 Day 2-139,,,,,
40th,Wed,3760 L Adar I / 17,311 Dystros / 16,Ararata / 27,PERET Mechir / 15,753 Februarius \ 9,1 BC L Feb \ 11
,,|-----Daniel's Weeks Prophecy / Week 65 Day 2-140,,,,,
41st,Thu,3760 L Adar I / 18,311 Dystros / 17,Ararata / 28,PERET Mechir / 16,753 Februarius \ 10,1 BC L Feb \ 12
,,|-----Daniel's Weeks Prophecy / Week 65 Day 2-141,,,,,
42nd,Fri,3760 L Adar I / 19,311 Dystros / 18,Ararata / 29,PERET Mechir / 17,753 Februarius \ 11,1 BC L Feb \ 13
,,|-----Daniel's Weeks Prophecy / Week 65 Day 2-142,,,,,
43rd,Sat,3760 L Adar I / 20,311 Dystros / 19,Ararata / 30,PERET Mechir / 18,753 Februarius \ 12,1 BC L Feb \ 14
,,|-----Daniel's Weeks Prophecy / Week 65 Day 2-143,,,,,
44th,Sun,3760 L Adar I / 21,311 Dystros / 20,Teiri / 1,PERET Mechir / 19,753 Februarius \ 13,1 BC L Feb \ 15
,,|-----Daniel's Weeks Prophecy / Week 65 Day 2-144,,,,,
45th,Mon,3760 L Adar I / 22,311 Dystros / 21,Teiri / 2,PERET Mechir / 20,753 Februarius \ 14,1 BC L Feb \ 16
,,|-----Daniel's Weeks Prophecy / Week 65 Day 2-145,,,,,
46th,Tue,3760 L Adar I / 23,311 Dystros / 22,Teiri / 3,PERET Mechir / 21,753 Februarius \ 15,1 BC L Feb \ 17
,,|-----Daniel's Weeks Prophecy / Week 65 Day 2-146,,,,,
47th,Wed,3760 L Adar I / 24,311 Dystros / 23,Teiri / 4,PERET Mechir / 22,753 Februarius \ 16,1 BC L Feb \ 18
,,|-----Daniel's Weeks Prophecy / Week 65 Day 2-147,,,,,
48th,Thu,3760 L Adar I / 25,311 Dystros / 24,Teiri / 5,PERET Mechir / 23,753 Februarius \ 17,1 BC L Feb \ 19
,,|-----Daniel's Weeks Prophecy / Week 65 Day 2-148,,,,,
49th,Fri,3760 L Adar I / 26,311 Dystros / 25,Teiri / 6,PERET Mechir / 24,753 Februarius \ 18,1 BC L Feb \ 20
,,|-----Daniel's Weeks Prophecy / Week 65 Day 2-149,,,,,
50th,Sat,3760 L Adar I / 27,311 Dystros / 26,Teiri / 7,PERET Mechir / 25,753 Februarius \ 19,1 BC L Feb \ 21
,,|-----Daniel's Weeks Prophecy / Week 65 Day 2-150,,,,,
51st,Sun,3760 L Adar I / 28,311 Dystros / 27,Teiri / 8,PERET Mechir / 26,753 Februarius \ 20,1 BC L Feb \ 22
,,|-----Daniel's Weeks Prophecy / Week 65 Day 2-151,,,,,
52nd,Mon,3760 L Adar I / 29,311 Dystros / 28,Teiri / 9,PERET Mechir / 27,753 Februarius \ 21,1 BC L Feb \ 23
,,|-----Daniel's Weeks Prophecy / Week 65 Day 2-152,,,,,
53rd,Tue     New Moon,3760 L Adar II / 1,311 Dystros / 29,Teiri / 10,PERET Mechir / 28,753 Februarius \ 22,1 BC L Feb \ 24
,,|-----Daniel's Weeks Prophecy / Week 65 Day 2-153,,,,,
54th,Wed,3760 L Adar II / 2,311 Dystros / 30,Teiri / 11,PERET Mechir / 29,753 Februarius \ 23,1 BC L Feb \ 25
,,|-----Daniel's Weeks Prophecy / Week 65 Day 2-154,,,,,
55th,Thu,3760 L Adar II / 3,311 Xanthikos / 1,Teiri / 12,PERET Mechir / 30,753 Februarius \ 24,1 BC L Feb \ 26
,,|-----Daniel's Weeks Prophecy / Week 65 Day 2-155,,,,,
56th,Fri,3760 L Adar II / 4,311 Xanthikos / 2,Teiri / 13,PERET Phamenoth / 1,753 Februarius \ 25,1 BC L Feb \ 27
,,|-----Daniel's Weeks Prophecy / Week 65 Day 2-156,,,,,
57th,Sat,3760 L Adar II / 5,311 Xanthikos / 3,Teiri / 14,PERET Phamenoth / 2,753 Februarius \ 26,1 BC L Feb \ 28
,,|-----Daniel's Weeks Prophecy / Week 65 Day 2-157,,,,,
58th,Sun,3760 L Adar II / 6,311 Xanthikos / 4,Teiri / 15,PERET Phamenoth / 3,753 Februarius \ 27,1 BC L Feb \ 29
,,|-----Daniel's Weeks Prophecy / Week 65 Day 2-158,,,,,
59th,Mon,3760 L Adar II / 7,311 Xanthikos / 5,Teiri / 16,PERET Phamenoth / 4,753 Februarius \ 28,1 BC L Mar \ 1
,,|-----Daniel's Weeks Prophecy / Week 65 Day 2-159,,,,,
60th,Tue,3760 L Adar II / 8,311 Xanthikos / 6,Teiri / 17,PERET Phamenoth / 5,753 Martius \ 1,1 BC L Mar \ 2
,,|-----Daniel's Weeks Prophecy / Week 65 Day 2-160,,,,,
61st,Wed,3760 L Adar II / 9,311 Xanthikos / 7,Teiri / 18,PERET Phamenoth / 6,753 Martius \ 2,1 BC L Mar \ 3
,,|-----Daniel's Weeks Prophecy / Week 65 Day 2-161,,,,,
62nd,Thu,3760 L Adar II / 10,311 Xanthikos / 8,Teiri / 19,PERET Phamenoth / 7,753 Martius \ 3,1 BC L Mar \ 4
,,|-----Daniel's Weeks Prophecy / Week 65 Day 2-162,,,,,
63rd,Fri,3760 L Adar II / 11,311 Xanthikos / 9,Teiri / 20,PERET Phamenoth / 8,753 Martius \ 4,1 BC L Mar \ 5
,,|-----Daniel's Weeks Prophecy / Week 65 Day 2-163,,,,,
64th,Sat,3760 L Adar II / 12,311 Xanthikos / 10,Teiri / 21,PERET Phamenoth / 9,753 Martius \ 5,1 BC L Mar \ 6
,,|-----Daniel's Weeks Prophecy / Week 65 Day 2-164,,,,,
65th,Sun,3760 L Adar II / 13,311 Xanthikos / 11,Teiri / 22,PERET Phamenoth / 10,753 Martius \ 6,1 BC L Mar \ 7
,,|-----Daniel's Weeks Prophecy / Week 65 Day 2-165,,,,,
66th,Mon     Full Moon,3760 L Adar II / 14,311 Xanthikos / 12,Teiri / 23,PERET Phamenoth / 11,753 Martius \ 7,1 BC L Mar \ 8
,,|-----Daniel's Weeks Prophecy / Week 65 Day 2-166,,,,,
67th,Tue,3760 L Adar II / 15,311 Xanthikos / 13,Teiri / 24,PERET Phamenoth / 12,753 Martius \ 8,1 BC L Mar \ 9
,,|-----Daniel's Weeks Prophecy / Week 65 Day 2-167,,,,,
68th,Wed,3760 L Adar II / 16,311 Xanthikos / 14,Teiri / 25,PERET Phamenoth / 13,753 Martius \ 9,1 BC L Mar \ 10
,,|-----Daniel's Weeks Prophecy / Week 65 Day 2-168,,,,,
69th,Thu,3760 L Adar II / 17,311 Xanthikos / 15,Teiri / 26,PERET Phamenoth / 14,753 Martius \ 10,1 BC L Mar \ 11
,,|-----Daniel's Weeks Prophecy / Week 65 Day 2-169,,,,,
70th,Fri,3760 L Adar II / 18,311 Xanthikos / 16,Teiri / 27,PERET Phamenoth / 15,753 Martius \ 11,1 BC L Mar \ 12
,,|-----Daniel's Weeks Prophecy / Week 65 Day 2-170,,,,,
71st,Sat,3760 L Adar II / 19,311 Xanthikos / 17,Teiri / 28,PERET Phamenoth / 16,753 Martius \ 12,1 BC L Mar \ 13
,,|-----Daniel's Weeks Prophecy / Week 65 Day 2-171,,,,,
72nd,Sun,3760 L Adar II / 20,311 Xanthikos / 18,Teiri / 29,PERET Phamenoth / 17,753 Martius \ 13,1 BC L Mar \ 14
,,|-----Daniel's Weeks Prophecy / Week 65 Day 2-172,,,,,
73rd,Mon,3760 L Adar II / 21,311 Xanthikos / 19,Teiri / 30,PERET Phamenoth / 18,753 Martius \ 14,1 BC L Mar \ 15
,,|-----Daniel's Weeks Prophecy / Week 65 Day 2-173,,,,,
74th,Tue,3760 L Adar II / 22,311 Xanthikos / 20,Amartata / 1,PERET Phamenoth / 19,753 Martius \ 15,1 BC L Mar \ 16
,,|-----Daniel's Weeks Prophecy / Week 65 Day 2-174,,,,,
75th,Wed,3760 L Adar II / 23,311 Xanthikos / 21,Amartata / 2,PERET Phamenoth / 20,753 Martius \ 16,1 BC L Mar \ 17
,,|-----Daniel's Weeks Prophecy / Week 65 Day 2-175,,,,,
76th,Thu,3760 L Adar II / 24,311 Xanthikos / 22,Amartata / 3,PERET Phamenoth / 21,753 Martius \ 17,1 BC L Mar \ 18
,,|-----Daniel's Weeks Prophecy / Week 65 Day 2-176,,,,,
77th,Fri,3760 L Adar II / 25,311 Xanthikos / 23,Amartata / 4,PERET Phamenoth / 22,753 Martius \ 18,1 BC L Mar \ 19
,,|-----Daniel's Weeks Prophecy / Week 65 Day 2-177,,,,,
78th,Sat,3760 L Adar II / 26,311 Xanthikos / 24,Amartata / 5,PERET Phamenoth / 23,753 Martius \ 19,1 BC L Mar \ 20
,,|-----Daniel's Weeks Prophecy / Week 65 Day 2-178,,,,,
79th,Sun,3760 L Adar II / 27,311 Xanthikos / 25,Amartata / 6,PERET Phamenoth / 24,753 Martius \ 20,1 BC L Mar \ 21
,,|-----Daniel's Weeks Prophecy / Week 65 Day 2-179,,,,,
80th Equinox,Mon,3760 L Adar II / 28,311 Xanthikos / 26,Amartata / 7,PERET Phamenoth / 25,753 Martius \ 21,1 BC L Mar \ 22
,,|-----Daniel's Weeks Prophecy / Week 65 Day 2-180,,,,,
81st,Tue,3760 L Adar II / 29,311 Xanthikos / 27,Amartata / 8,PERET Phamenoth / 26,753 Martius \ 22,1 BC L Mar \ 23
,,|-----Daniel's Weeks Prophecy / Week 65 Day 2-181,,,,,
82nd,Wed     New Moon,3760 L Adar II / 30,311 Xanthikos / 28,Amartata / 9,PERET Phamenoth / 27,753 Martius \ 23,1 BC L Mar \ 24
,,|-----Daniel's Weeks Prophecy / Week 65 Day 2-182,,,,,
83rd,Thu,3760 Nisan / 1,311 Xanthikos / 29,Amartata / 10,PERET Phamenoth / 28,753 Martius \ 24,1 BC L Mar \ 25
,,|-----Daniel's Weeks Prophecy / Week 65 Day 2-183,,,,,
84th,Fri,3760 Nisan / 2,311 Artemisos / 1,Amartata / 11,PERET Phamenoth / 29,753 Martius \ 25,1 BC L Mar \ 26
,,|-----Daniel's Weeks Prophecy / Week 65 Day 2-184,,,,,
85th,Sat,3760 Nisan / 3,311 Artemisos / 2,Amartata / 12,PERET Phamenoth / 30,753 Martius \ 26,1 BC L Mar \ 27
,,|-----Daniel's Weeks Prophecy / Week 65 Day 2-185,,,,,
86th,Sun,3760 Nisan / 4,311 Artemisos / 3,Amartata / 13,PERET Pharmuthi / 1,753 Martius \ 27,1 BC L Mar \ 28
,,|-----Daniel's Weeks Prophecy / Week 65 Day 2-186,,,,,
87th,Mon,3760 Nisan / 5,311 Artemisos / 4,Amartata / 14,PERET Pharmuthi / 2,753 Martius \ 28,1 BC L Mar \ 29
,,|-----Daniel's Weeks Prophecy / Week 65 Day 2-187,,,,,
88th,Tue,3760 Nisan / 6,311 Artemisos / 5,Amartata / 15,PERET Pharmuthi / 3,753 Martius \ 29,1 BC L Mar \ 30
,,|-----Daniel's Weeks Prophecy / Week 65 Day 2-188,,,,,
89th,Wed,3760 Nisan / 7,311 Artemisos / 6,Amartata / 16,PERET Pharmuthi / 4,753 Martius \ 30,1 BC L Mar \ 31
,,|-----Daniel's Weeks Prophecy / Week 65 Day 2-189,,,,,
90th,Thu,3760 Nisan / 8,311 Artemisos / 7,Amartata / 17,PERET Pharmuthi / 5,753 Martius \ 31,1 BC L Apr \ 1
,,|-----Daniel's Weeks Prophecy / Week 65 Day 2-190,,,,,
91st,Fri,3760 Nisan / 9,311 Artemisos / 8,Amartata / 18,PERET Pharmuthi / 6,753 Aprilis \ 1,1 BC L Apr \ 2
,,|-----Daniel's Weeks Prophecy / Week 65 Day 2-191,,,,,
92nd,Sat,3760 Nisan / 10,311 Artemisos / 9,Amartata / 19,PERET Pharmuthi / 7,753 Aprilis \ 2,1 BC L Apr \ 3
,,|-----Daniel's Weeks Prophecy / Week 65 Day 2-192,,,,,
93rd,Sun,3760 Nisan / 11,311 Artemisos / 10,Amartata / 20,PERET Pharmuthi / 8,753 Aprilis \ 3,1 BC L Apr \ 4
,,|-----Daniel's Weeks Prophecy / Week 65 Day 2-193,,,,,
94th,Mon,3760 Nisan / 12,311 Artemisos / 11,Amartata / 21,PERET Pharmuthi / 9,753 Aprilis \ 4,1 BC L Apr \ 5
,,|-----Daniel's Weeks Prophecy / Week 65 Day 2-194,,,,,
95th,Tue,3760 Nisan / 13,311 Artemisos / 12,Amartata / 22,PERET Pharmuthi / 10,753 Aprilis \ 5,1 BC L Apr \ 6
,,|-----Daniel's Weeks Prophecy / Week 65 Day 2-195,,,,,
96th,Wed     Full Moon,3760 Nisan / 14,311 Artemisos / 13,Amartata / 23,PERET Pharmuthi / 11,753 Aprilis \ 6,1 BC L Apr \ 7
,,|-----Daniel's Weeks Prophecy / Week 65 Day 2-196,,,,,
97th,Thu,3760 Nisan / 15,311 Artemisos / 14,Amartata / 24,PERET Pharmuthi / 12,753 Aprilis \ 7,1 BC L Apr \ 8
,,|-----Daniel's Weeks Prophecy / Week 65 Day 2-197,,,,,
98th,Fri,3760 Nisan / 16,311 Artemisos / 15,Amartata / 25,PERET Pharmuthi / 13,753 Aprilis \ 8,1 BC L Apr \ 9
,,|-----Daniel's Weeks Prophecy / Week 65 Day 2-198,,,,,
99th,Sat,3760 Nisan / 17,311 Artemisos / 16,Amartata / 26,PERET Pharmuthi / 14,753 Aprilis \ 9,1 BC L Apr \ 10
,,|-----Daniel's Weeks Prophecy / Week 65 Day 2-199,,,,,
100th,Sun,3760 Nisan / 18,311 Artemisos / 17,Amartata / 27,PERET Pharmuthi / 15,753 Aprilis \ 10,1 BC L Apr \ 11
,,|-----Daniel's Weeks Prophecy / Week 65 Day 2-200,,,,,
101st,Mon,3760 Nisan / 19,311 Artemisos / 18,Amartata / 28,PERET Pharmuthi / 16,753 Aprilis \ 11,1 BC L Apr \ 12
,,|-----Daniel's Weeks Prophecy / Week 65 Day 2-201,,,,,
102nd,Tue,3760 Nisan / 20,311 Artemisos / 19,Amartata / 29,PERET Pharmuthi / 17,753 Aprilis \ 12,1 BC L Apr \ 13
,,|-----Daniel's Weeks Prophecy / Week 65 Day 2-202,,,,,
103rd,Wed,3760 Nisan / 21,311 Artemisos / 20,Amartata / 30,PERET Pharmuthi / 18,753 Aprilis \ 13,1 BC L Apr \ 14
,,|-----Daniel's Weeks Prophecy / Week 65 Day 2-203,,,,,
104th,Thu,3760 Nisan / 22,311 Artemisos / 21,Sathriore / 1,PERET Pharmuthi / 19,753 Aprilis \ 14,1 BC L Apr \ 15
,,|-----Daniel's Weeks Prophecy / Week 65 Day 2-204,,,,,
105th,Fri,3760 Nisan / 23,311 Artemisos / 22,Sathriore / 2,PERET Pharmuthi / 20,753 Aprilis \ 15,1 BC L Apr \ 16
,,|-----Daniel's Weeks Prophecy / Week 65 Day 2-205,,,,,
106th,Sat,3760 Nisan / 24,311 Artemisos / 23,Sathriore / 3,PERET Pharmuthi / 21,753 Aprilis \ 16,1 BC L Apr \ 17
,,|-----Daniel's Weeks Prophecy / Week 65 Day 2-206,,,,,
107th,Sun,3760 Nisan / 25,311 Artemisos / 24,Sathriore / 4,PERET Pharmuthi / 22,753 Aprilis \ 17,1 BC L Apr \ 18
,,|-----Daniel's Weeks Prophecy / Week 65 Day 2-207,,,,,
108th,Mon,3760 Nisan / 26,311 Artemisos / 25,Sathriore / 5,PERET Pharmuthi / 23,753 Aprilis \ 18,1 BC L Apr \ 19
,,|-----Daniel's Weeks Prophecy / Week 65 Day 2-208,,,,,
109th,Tue,3760 Nisan / 27,311 Artemisos / 26,Sathriore / 6,PERET Pharmuthi / 24,753 Aprilis \ 19,1 BC L Apr \ 20
,,|-----Daniel's Weeks Prophecy / Week 65 Day 2-209,,,,,
110th,Wed,3760 Nisan / 28,311 Artemisos / 27,Sathriore / 7,PERET Pharmuthi / 25,753 Aprilis \ 20,1 BC L Apr \ 21
,,|-----Daniel's Weeks Prophecy / Week 65 Day 2-210,,,,,
111th,Thu     New Moon,3760 Nisan / 29,311 Artemisos / 28,Sathriore / 8,PERET Pharmuthi / 26,753 Aprilis \ 21,1 BC L Apr \ 22
,,|-----Daniel's Weeks Prophecy / Week 65 Day 2-211,,,,,
112th,Fri,3760 Nisan / 30,311 Artemisos / 29,Sathriore / 9,PERET Pharmuthi / 27,753 Aprilis \ 22,1 BC L Apr \ 23
,,|-----Daniel's Weeks Prophecy / Week 65 Day 2-212,,,,,
113th,Sat,3760 Iyar / 1,311 Daisios / 1,Sathriore / 10,PERET Pharmuthi / 28,753 Aprilis \ 23,1 BC L Apr \ 24
,,|-----Daniel's Weeks Prophecy / Week 65 Day 2-213,,,,,
114th,Sun,3760 Iyar / 2,311 Daisios / 2,Sathriore / 11,PERET Pharmuthi / 29,753 Aprilis \ 24,1 BC L Apr \ 25
,,|-----Daniel's Weeks Prophecy / Week 65 Day 2-214,,,,,
115th,Mon,3760 Iyar / 3,311 Daisios / 3,Sathriore / 12,PERET Pharmuthi / 30,753 Aprilis \ 25,1 BC L Apr \ 26
,,|-----Daniel's Weeks Prophecy / Week 65 Day 2-215,,,,,
116th,Tue,3760 Iyar / 4,311 Daisios / 4,Sathriore / 13,SHEMU Pachons / 1,753 Aprilis \ 26,1 BC L Apr \ 27
,,|-----Daniel's Weeks Prophecy / Week 65 Day 2-216,,,,,
117th,Wed,3760 Iyar / 5,311 Daisios / 5,Sathriore / 14,SHEMU Pachons / 2,753 Aprilis \ 27,1 BC L Apr \ 28
,,|-----Daniel's Weeks Prophecy / Week 65 Day 2-217,,,,,
118th,Thu,3760 Iyar / 6,311 Daisios / 6,Sathriore / 15,SHEMU Pachons / 3,753 Aprilis \ 28,1 BC L Apr \ 29
,,|-----Daniel's Weeks Prophecy / Week 65 Day 2-218,,,,,
119th,Fri,3760 Iyar / 7,311 Daisios / 7,Sathriore / 16,SHEMU Pachons / 4,753 Aprilis \ 29,1 BC L Apr \ 30
,,|-----Daniel's Weeks Prophecy / Week 65 Day 2-219,,,,,
120th,Sat,3760 Iyar / 8,311 Daisios / 8,Sathriore / 17,SHEMU Pachons / 5,753 Aprilis \ 30,1 BC L May \ 1
,,|-----Daniel's Weeks Prophecy / Week 65 Day 2-220,,,,,
121st,Sun,3760 Iyar / 9,311 Daisios / 9,Sathriore / 18,SHEMU Pachons / 6,753 Maius \ 1,1 BC L May \ 2
,,|-----Daniel's Weeks Prophecy / Week 65 Day 2-221,,,,,
122nd,Mon,3760 Iyar / 10,311 Daisios / 10,Sathriore / 19,SHEMU Pachons / 7,753 Maius \ 2,1 BC L May \ 3
,,|-----Daniel's Weeks Prophecy / Week 65 Day 2-222,,,,,
123rd,Tue,3760 Iyar / 11,311 Daisios / 11,Sathriore / 20,SHEMU Pachons / 8,753 Maius \ 3,1 BC L May \ 4
,,|-----Daniel's Weeks Prophecy / Week 65 Day 2-223,,,,,
124th,Wed,3760 Iyar / 12,311 Daisios / 12,Sathriore / 21,SHEMU Pachons / 9,753 Maius \ 4,1 BC L May \ 5
,,|-----Daniel's Weeks Prophecy / Week 65 Day 2-224,,,,,
125th,Thu,3760 Iyar / 13,311 Daisios / 13,Sathriore / 22,SHEMU Pachons / 10,753 Maius \ 5,1 BC L May \ 6
,,|-----Daniel's Weeks Prophecy / Week 65 Day 2-225,,,,,
126th,Fri     Full Moon,3760 Iyar / 14,311 Daisios / 14,Sathriore / 23,SHEMU Pachons / 11,753 Maius \ 6,1 BC L May \ 7
,,|-----Daniel's Weeks Prophecy / Week 65 Day 2-226,,,,,
127th,Sat,3760 Iyar / 15,311 Daisios / 15,Sathriore / 24,SHEMU Pachons / 12,753 Maius \ 7,1 BC L May \ 8
,,|-----Daniel's Weeks Prophecy / Week 65 Day 2-227,,,,,
128th,Sun,3760 Iyar / 16,311 Daisios / 16,Sathriore / 25,SHEMU Pachons / 13,753 Maius \ 8,1 BC L May \ 9
,,|-----Daniel's Weeks Prophecy / Week 65 Day 2-228,,,,,
129th,Mon,3760 Iyar / 17,311 Daisios / 17,Sathriore / 26,SHEMU Pachons / 14,753 Maius \ 9,1 BC L May \ 10
,,|-----Daniel's Weeks Prophecy / Week 65 Day 2-229,,,,,
130th,Tue,3760 Iyar / 18,311 Daisios / 18,Sathriore / 27,SHEMU Pachons / 15,753 Maius \ 10,1 BC L May \ 11
,,|-----Daniel's Weeks Prophecy / Week 65 Day 2-230,,,,,
131st,Wed,3760 Iyar / 19,311 Daisios / 19,Sathriore / 28,SHEMU Pachons / 16,753 Maius \ 11,1 BC L May \ 12
,,|-----Daniel's Weeks Prophecy / Week 65 Day 2-231,,,,,
132nd,Thu,3760 Iyar / 20,311 Daisios / 20,Sathriore / 29,SHEMU Pachons / 17,753 Maius \ 12,1 BC L May \ 13
,,|-----Daniel's Weeks Prophecy / Week 65 Day 2-232,,,,,
133rd,Fri,3760 Iyar / 21,311 Daisios / 21,Sathriore / 30,SHEMU Pachons / 18,753 Maius \ 13,1 BC L May \ 14
,,|-----Daniel's Weeks Prophecy / Week 65 Day 2-233,,,,,
134th,Sat,3760 Iyar / 22,311 Daisios / 22,Mithre / 1,SHEMU Pachons / 19,753 Maius \ 14,1 BC L May \ 15
,,|-----Daniel's Weeks Prophecy / Week 65 Day 2-234,,,,,
135th,Sun,3760 Iyar / 23,311 Daisios / 23,Mithre / 2,SHEMU Pachons / 20,753 Maius \ 15,1 BC L May \ 16
,,|-----Daniel's Weeks Prophecy / Week 65 Day 2-235,,,,,
136th,Mon,3760 Iyar / 24,311 Daisios / 24,Mithre / 3,SHEMU Pachons / 21,753 Maius \ 16,1 BC L May \ 17
,,|-----Daniel's Weeks Prophecy / Week 65 Day 2-236,,,,,
137th,Tue,3760 Iyar / 25,311 Daisios / 25,Mithre / 4,SHEMU Pachons / 22,753 Maius \ 17,1 BC L May \ 18
,,|-----Daniel's Weeks Prophecy / Week 65 Day 2-237,,,,,
138th,Wed,3760 Iyar / 26,311 Daisios / 26,Mithre / 5,SHEMU Pachons / 23,753 Maius \ 18,1 BC L May \ 19
,,|-----Daniel's Weeks Prophecy / Week 65 Day 2-238,,,,,
139th,Thu,3760 Iyar / 27,311 Daisios / 27,Mithre / 6,SHEMU Pachons / 24,753 Maius \ 19,1 BC L May \ 20
,,|-----Daniel's Weeks Prophecy / Week 65 Day 2-239,,,,,
140th,Fri,3760 Iyar / 28,311 Daisios / 28,Mithre / 7,SHEMU Pachons / 25,753 Maius \ 20,1 BC L May \ 21
,,|-----Daniel's Weeks Prophecy / Week 65 Day 2-240,,,,,
141st,Sat     New Moon,3760 Iyar / 29,311 Daisios / 29,Mithre / 8,SHEMU Pachons / 26,753 Maius \ 21,1 BC L May \ 22
,,|-----Daniel's Weeks Prophecy / Week 65 Day 2-241,,,,,
142nd,Sun,3760 Sivan / 1,311 Daisios / 30,Mithre / 9,SHEMU Pachons / 27,753 Maius \ 22,1 BC L May \ 23
,,|-----Daniel's Weeks Prophecy / Week 65 Day 2-242,,,,,
143rd,Mon,3760 Sivan / 2,311 Panemos / 1,Mithre / 10,SHEMU Pachons / 28,753 Maius \ 23,1 BC L May \ 24
,,|-----Daniel's Weeks Prophecy / Week 65 Day 2-243,,,,,
144th,Tue,3760 Sivan / 3,311 Panemos / 2,Mithre / 11,SHEMU Pachons / 29,753 Maius \ 24,1 BC L May \ 25
,,|-----Daniel's Weeks Prophecy / Week 65 Day 2-244,,,,,
145th,Wed,3760 Sivan / 4,311 Panemos / 3,Mithre / 12,SHEMU Pachons / 30,753 Maius \ 25,1 BC L May \ 26
,,|-----Daniel's Weeks Prophecy / Week 65 Day 2-245,,,,,
146th,Thu,3760 Sivan / 5,311 Panemos / 4,Mithre / 13,SHEMU Payni / 1,753 Maius \ 26,1 BC L May \ 27
,,|-----Daniel's Weeks Prophecy / Week 65 Day 2-246,,,,,
147th,Fri,3760 Sivan / 6,311 Panemos / 5,Mithre / 14,SHEMU Payni / 2,753 Maius \ 27,1 BC L May \ 28
,,|-----Daniel's Weeks Prophecy / Week 65 Day 2-247,,,,,
148th,Sat,3760 Sivan / 7,311 Panemos / 6,Mithre / 15,SHEMU Payni / 3,753 Maius \ 28,1 BC L May \ 29
,,|-----Daniel's Weeks Prophecy / Week 65 Day 2-248,,,,,
149th,Sun,3760 Sivan / 8,311 Panemos / 7,Mithre / 16,SHEMU Payni / 4,753 Maius \ 29,1 BC L May \ 30
,,|-----Daniel's Weeks Prophecy / Week 65 Day 2-249,,,,,
150th,Mon,3760 Sivan / 9,311 Panemos / 8,Mithre / 17,SHEMU Payni / 5,753 Maius \ 30,1 BC L May \ 31
,,|-----Daniel's Weeks Prophecy / Week 65 Day 2-250,,,,,
151st,Tue,3760 Sivan / 10,311 Panemos / 9,Mithre / 18,SHEMU Payni / 6,753 Maius \ 31,1 BC L Jun \ 1
,,|-----Daniel's Weeks Prophecy / Week 65 Day 2-251,,,,,
152nd,Wed,3760 Sivan / 11,311 Panemos / 10,Mithre / 19,SHEMU Payni / 7,753 Iunius \ 1,1 BC L Jun \ 2
,,|-----Daniel's Weeks Prophecy / Week 65 Day 2-252,,,,,
153rd,Thu,3760 Sivan / 12,311 Panemos / 11,Mithre / 20,SHEMU Payni / 8,753 Iunius \ 2,1 BC L Jun \ 3
,,|-----Daniel's Weeks Prophecy / Week 65 Day 2-253,,,,,
154th,Fri,3760 Sivan / 13,311 Panemos / 12,Mithre / 21,SHEMU Payni / 9,753 Iunius \ 3,1 BC L Jun \ 4
,,|-----Daniel's Weeks Prophecy / Week 65 Day 2-254,,,,,
155th,Sat     Full Moon,3760 Sivan / 14,311 Panemos / 13,Mithre / 22,SHEMU Payni / 10,753 Iunius \ 4,1 BC L Jun \ 5
,,|-----Daniel's Weeks Prophecy / Week 65 Day 2-255,,,,,
156th,Sun,3760 Sivan / 15,311 Panemos / 14,Mithre / 23,SHEMU Payni / 11,753 Iunius \ 5,1 BC L Jun \ 6
,,|-----Daniel's Weeks Prophecy / Week 65 Day 2-256,,,,,
157th,Mon,3760 Sivan / 16,311 Panemos / 15,Mithre / 24,SHEMU Payni / 12,753 Iunius \ 6,1 BC L Jun \ 7
,,|-----Daniel's Weeks Prophecy / Week 65 Day 2-257,,,,,
158th,Tue,3760 Sivan / 17,311 Panemos / 16,Mithre / 25,SHEMU Payni / 13,753 Iunius \ 7,1 BC L Jun \ 8
,,|-----Daniel's Weeks Prophecy / Week 65 Day 2-258,,,,,
159th,Wed,3760 Sivan / 18,311 Panemos / 17,Mithre / 26,SHEMU Payni / 14,753 Iunius \ 8,1 BC L Jun \ 9
,,|-----Daniel's Weeks Prophecy / Week 65 Day 2-259,,,,,
160th,Thu,3760 Sivan / 19,311 Panemos / 18,Mithre / 27,SHEMU Payni / 15,753 Iunius \ 9,1 BC L Jun \ 10
,,|-----Daniel's Weeks Prophecy / Week 65 Day 2-260,,,,,
161st,Fri,3760 Sivan / 20,311 Panemos / 19,Mithre / 28,SHEMU Payni / 16,753 Iunius \ 10,1 BC L Jun \ 11
,,|-----Daniel's Weeks Prophecy / Week 65 Day 2-261,,,,,
162nd,Sat,3760 Sivan / 21,311 Panemos / 20,Mithre / 29,SHEMU Payni / 17,753 Iunius \ 11,1 BC L Jun \ 12
,,|-----Daniel's Weeks Prophecy / Week 65 Day 2-262,,,,,
163rd,Sun,3760 Sivan / 22,311 Panemos / 21,Mithre / 30,SHEMU Payni / 18,753 Iunius \ 12,1 BC L Jun \ 13
,,|-----Daniel's Weeks Prophecy / Week 65 Day 2-263,,,,,
164th,Mon,3760 Sivan / 23,311 Panemos / 22,Apomenapa / 1,SHEMU Payni / 19,753 Iunius \ 13,1 BC L Jun \ 14
,,|-----Daniel's Weeks Prophecy / Week 65 Day 2-264,,,,,
165th,Tue,3760 Sivan / 24,311 Panemos / 23,Apomenapa / 2,SHEMU Payni / 20,753 Iunius \ 14,1 BC L Jun \ 15
,,|-----Daniel's Weeks Prophecy / Week 65 Day 2-265,,,,,
166th,Wed,3760 Sivan / 25,311 Panemos / 24,Apomenapa / 3,SHEMU Payni / 21,753 Iunius \ 15,1 BC L Jun \ 16
,,|-----Daniel's Weeks Prophecy / Week 65 Day 2-266,,,,,
167th,Thu,3760 Sivan / 26,311 Panemos / 25,Apomenapa / 4,SHEMU Payni / 22,753 Iunius \ 16,1 BC L Jun \ 17
,,|-----Daniel's Weeks Prophecy / Week 65 Day 2-267,,,,,
168th,Fri,3760 Sivan / 27,311 Panemos / 26,Apomenapa / 5,SHEMU Payni / 23,753 Iunius \ 17,1 BC L Jun \ 18
,,|-----Daniel's Weeks Prophecy / Week 65 Day 2-268,,,,,
169th,Sat,3760 Sivan / 28,311 Panemos / 27,Apomenapa / 6,SHEMU Payni / 24,753 Iunius \ 18,1 BC L Jun \ 19
,,|-----Daniel's Weeks Prophecy / Week 65 Day 2-269,,,,,
170th,Sun     New Moon,3760 Sivan / 29,311 Panemos / 28,Apomenapa / 7,SHEMU Payni / 25,753 Iunius \ 19,1 BC L Jun \ 20
,,|-----Daniel's Weeks Prophecy / Week 65 Day 2-270,,,,,
171st,Mon,3760 Sivan / 30,311 Panemos / 29,Apomenapa / 8,SHEMU Payni / 26,753 Iunius \ 20,1 BC L Jun \ 21
,,|-----Daniel's Weeks Prophecy / Week 65 Day 2-271,,,,,
172nd Solstice,Tue,3760 Tammuz / 1,311 Loos / 1,Apomenapa / 9,SHEMU Payni / 27,753 Iunius \ 21,1 BC L Jun \ 22
,,|-----Daniel's Weeks Prophecy / Week 65 Day 2-272,,,,,
173rd,Wed,3760 Tammuz / 2,311 Loos / 2,Apomenapa / 10,SHEMU Payni / 28,753 Iunius \ 22,1 BC L Jun \ 23
,,|-----Daniel's Weeks Prophecy / Week 65 Day 2-273,,,,,
174th,Thu,3760 Tammuz / 3,311 Loos / 3,Apomenapa / 11,SHEMU Payni / 29,753 Iunius \ 23,1 BC L Jun \ 24
,,|-----Daniel's Weeks Prophecy / Week 65 Day 2-274,,,,,
175th,Fri,3760 Tammuz / 4,311 Loos / 4,Apomenapa / 12,SHEMU Payni / 30,753 Iunius \ 24,1 BC L Jun \ 25
,,|-----Daniel's Weeks Prophecy / Week 65 Day 2-275,,,,,
176th,Sat,3760 Tammuz / 5,311 Loos / 5,Apomenapa / 13,SHEMU Epiphi / 1,753 Iunius \ 25,1 BC L Jun \ 26
,,|-----Daniel's Weeks Prophecy / Week 65 Day 2-276,,,,,
177th,Sun,3760 Tammuz / 6,311 Loos / 6,Apomenapa / 14,SHEMU Epiphi / 2,753 Iunius \ 26,1 BC L Jun \ 27
,,|-----Daniel's Weeks Prophecy / Week 65 Day 2-277,,,,,
178th,Mon,3760 Tammuz / 7,311 Loos / 7,Apomenapa / 15,SHEMU Epiphi / 3,753 Iunius \ 27,1 BC L Jun \ 28
,,|-----Daniel's Weeks Prophecy / Week 65 Day 2-278,,,,,
179th,Tue,3760 Tammuz / 8,311 Loos / 8,Apomenapa / 16,SHEMU Epiphi / 4,753 Iunius \ 28,1 BC L Jun \ 29
,,|-----Daniel's Weeks Prophecy / Week 65 Day 2-279,,,,,
180th,Wed,3760 Tammuz / 9,311 Loos / 9,Apomenapa / 17,SHEMU Epiphi / 5,753 Iunius \ 29,1 BC L Jun \ 30
,,|-----Daniel's Weeks Prophecy / Week 65 Day 2-280,,,,,
181st,Thu,3760 Tammuz / 10,311 Loos / 10,Apomenapa / 18,SHEMU Epiphi / 6,753 Iunius \ 30,1 BC L Jul \ 1
,,|-----Daniel's Weeks Prophecy / Week 65 Day 2-281,,,,,
182nd,Fri,3760 Tammuz / 11,311 Loos / 11,Apomenapa / 19,SHEMU Epiphi / 7,753 Julius \ 1,1 BC L Jul \ 2
,,|-----Daniel's Weeks Prophecy / Week 65 Day 2-282,,,,,
183rd,Sat,3760 Tammuz / 12,311 Loos / 12,Apomenapa / 20,SHEMU Epiphi / 8,753 Julius \ 2,1 BC L Jul \ 3
,,|-----Daniel's Weeks Prophecy / Week 65 Day 2-283,,,,,
184th,Sun,3760 Tammuz / 13,311 Loos / 13,Apomenapa / 21,SHEMU Epiphi / 9,753 Julius \ 3,1 BC L Jul \ 4
,,|-----Daniel's Weeks Prophecy / Week 65 Day 2-284,,,,,
185th,Mon     Full Moon,3760 Tammuz / 14,311 Loos / 14,Apomenapa / 22,SHEMU Epiphi / 10,753 Julius \ 4,1 BC L Jul \ 5
,,|-----Daniel's Weeks Prophecy / Week 65 Day 2-285,,,,,
186th,Tue,3760 Tammuz / 15,311 Loos / 15,Apomenapa / 23,SHEMU Epiphi / 11,753 Julius \ 5,1 BC L Jul \ 6
,,|-----Daniel's Weeks Prophecy / Week 65 Day 2-286,,,,,
187th,Wed,3760 Tammuz / 16,311 Loos / 16,Apomenapa / 24,SHEMU Epiphi / 12,753 Julius \ 6,1 BC L Jul \ 7
,,|-----Daniel's Weeks Prophecy / Week 65 Day 2-287,,,,,
188th,Thu,3760 Tammuz / 17,311 Loos / 17,Apomenapa / 25,SHEMU Epiphi / 13,753 Julius \ 7,1 BC L Jul \ 8
,,|-----Daniel's Weeks Prophecy / Week 65 Day 2-288,,,,,
189th,Fri,3760 Tammuz / 18,311 Loos / 18,Apomenapa / 26,SHEMU Epiphi / 14,753 Julius \ 8,1 BC L Jul \ 9
,,|-----Daniel's Weeks Prophecy / Week 65 Day 2-289,,,,,
190th,Sat,3760 Tammuz / 19,311 Loos / 19,Apomenapa / 27,SHEMU Epiphi / 15,753 Julius \ 9,1 BC L Jul \ 10
,,|-----Daniel's Weeks Prophecy / Week 65 Day 2-290,,,,,
191st,Sun,3760 Tammuz / 20,311 Loos / 20,Apomenapa / 28,SHEMU Epiphi / 16,753 Julius \ 10,1 BC L Jul \ 11
,,|-----Daniel's Weeks Prophecy / Week 65 Day 2-291,,,,,
192nd,Mon,3760 Tammuz / 21,311 Loos / 21,Apomenapa / 29,SHEMU Epiphi / 17,753 Julius \ 11,1 BC L Jul \ 12
,,|-----Daniel's Weeks Prophecy / Week 65 Day 2-292,,,,,
193rd,Tue,3760 Tammuz / 22,311 Loos / 22,Apomenapa / 30,SHEMU Epiphi / 18,753 Julius \ 12,1 BC L Jul \ 13
,,|-----Daniel's Weeks Prophecy / Week 65 Day 2-293,,,,,
194th,Wed,3760 Tammuz / 23,311 Loos / 23,Athra / 1,SHEMU Epiphi / 19,753 Julius \ 13,1 BC L Jul \ 14
,,|-----Daniel's Weeks Prophecy / Week 65 Day 2-294,,,,,
195th,Thu,3760 Tammuz / 24,311 Loos / 24,Athra / 2,SHEMU Epiphi / 20,753 Julius \ 14,1 BC L Jul \ 15
,,|-----Daniel's Weeks Prophecy / Week 65 Day 2-295,,,,,
196th,Fri,3760 Tammuz / 25,311 Loos / 25,Athra / 3,SHEMU Epiphi / 21,753 Julius \ 15,1 BC L Jul \ 16
,,|-----Daniel's Weeks Prophecy / Week 65 Day 2-296,,,,,
197th,Sat,3760 Tammuz / 26,311 Loos / 26,Athra / 4,SHEMU Epiphi / 22,753 Julius \ 16,1 BC L Jul \ 17
,,|-----Daniel's Weeks Prophecy / Week 65 Day 2-297,,,,,
198th,Sun,3760 Tammuz / 27,311 Loos / 27,Athra / 5,SHEMU Epiphi / 23,753 Julius \ 17,1 BC L Jul \ 18
,,|-----Daniel's Weeks Prophecy / Week 65 Day 2-298,,,,,
199th,Mon     New Moon,3760 Tammuz / 28,311 Loos / 28,Athra / 6,SHEMU Epiphi / 24,753 Julius \ 18,1 BC L Jul \ 19
,,|-----Daniel's Weeks Prophecy / Week 65 Day 2-299,,,,,
200th,Tue,3760 Tammuz / 29,311 Loos / 29,Athra / 7,SHEMU Epiphi / 25,753 Julius \ 19,1 BC L Jul \ 20
,,|-----Daniel's Weeks Prophecy / Week 65 Day 2-300,,,,,
201st,Wed,3760 Av / 1,311 Loos / 30,Athra / 8,SHEMU Epiphi / 26,753 Julius \ 20,1 BC L Jul \ 21
,,|-----Daniel's Weeks Prophecy / Week 65 Day 2-301,,,,,
202nd,Thu,3760 Av / 2,311 Gorpiaios / 1,Athra / 9,SHEMU Epiphi / 27,753 Julius \ 21,1 BC L Jul \ 22
,,|-----Daniel's Weeks Prophecy / Week 65 Day 2-302,,,,,
203rd,Fri,3760 Av / 3,311 Gorpiaios / 2,Athra / 10,SHEMU Epiphi / 28,753 Julius \ 22,1 BC L Jul \ 23
,,|-----Daniel's Weeks Prophecy / Week 65 Day 2-303,,,,,
204th,Sat,3760 Av / 4,311 Gorpiaios / 3,Athra / 11,SHEMU Epiphi / 29,753 Julius \ 23,1 BC L Jul \ 24
,,|-----Daniel's Weeks Prophecy / Week 65 Day 2-304,,,,,
205th,Sun,3760 Av / 5,311 Gorpiaios / 4,Athra / 12,SHEMU Epiphi / 30,753 Julius \ 24,1 BC L Jul \ 25
,,|-----Daniel's Weeks Prophecy / Week 65 Day 2-305,,,,,
206th,Mon,3760 Av / 6,311 Gorpiaios / 5,Athra / 13,SHEMU Mesore / 1,753 Julius \ 25,1 BC L Jul \ 26
,,|-----Daniel's Weeks Prophecy / Week 65 Day 2-306,,,,,
207th,Tue,3760 Av / 7,311 Gorpiaios / 6,Athra / 14,SHEMU Mesore / 2,753 Julius \ 26,1 BC L Jul \ 27
,,|-----Daniel's Weeks Prophecy / Week 65 Day 2-307,,,,,
208th,Wed,3760 Av / 8,311 Gorpiaios / 7,Athra / 15,SHEMU Mesore / 3,753 Julius \ 27,1 BC L Jul \ 28
,,|-----Daniel's Weeks Prophecy / Week 65 Day 2-308,,,,,
209th,Thu,3760 Av / 9,311 Gorpiaios / 8,Athra / 16,SHEMU Mesore / 4,753 Julius \ 28,1 BC L Jul \ 29
,,|-----Daniel's Weeks Prophecy / Week 65 Day 2-309,,,,,
210th,Fri,3760 Av / 10,311 Gorpiaios / 9,Athra / 17,SHEMU Mesore / 5,753 Julius \ 29,1 BC L Jul \ 30
,,|-----Daniel's Weeks Prophecy / Week 65 Day 2-310,,,,,
211th,Sat,3760 Av / 11,311 Gorpiaios / 10,Athra / 18,SHEMU Mesore / 6,753 Julius \ 30,1 BC L Jul \ 31
,,|-----Daniel's Weeks Prophecy / Week 65 Day 2-311,,,,,
212th,Sun,3760 Av / 12,311 Gorpiaios / 11,Athra / 19,SHEMU Mesore / 7,753 Julius \ 31,1 BC L Aug \ 1
,,|-----Daniel's Weeks Prophecy / Week 65 Day 2-312,,,,,
213th,Mon,3760 Av / 13,311 Gorpiaios / 12,Athra / 20,SHEMU Mesore / 8,753 Augustus \ 1,1 BC L Aug \ 2
,,|-----Daniel's Weeks Prophecy / Week 65 Day 2-313,,,,,
214th,Tue     Full Moon,3760 Av / 14,311 Gorpiaios / 13,Athra / 21,SHEMU Mesore / 9,753 Augustus \ 2,1 BC L Aug \ 3
,,|-----Daniel's Weeks Prophecy / Week 65 Day 2-314,,,,,
215th,Wed,3760 Av / 15,311 Gorpiaios / 14,Athra / 22,SHEMU Mesore / 10,753 Augustus \ 3,1 BC L Aug \ 4
,,|-----Daniel's Weeks Prophecy / Week 65 Day 2-315,,,,,
216th,Thu,3760 Av / 16,311 Gorpiaios / 15,Athra / 23,SHEMU Mesore / 11,753 Augustus \ 4,1 BC L Aug \ 5
,,|-----Daniel's Weeks Prophecy / Week 65 Day 2-316,,,,,
217th,Fri,3760 Av / 17,311 Gorpiaios / 16,Athra / 24,SHEMU Mesore / 12,753 Augustus \ 5,1 BC L Aug \ 6
,,|-----Daniel's Weeks Prophecy / Week 65 Day 2-317,,,,,
218th,Sat,3760 Av / 18,311 Gorpiaios / 17,Athra / 25,SHEMU Mesore / 13,753 Augustus \ 6,1 BC L Aug \ 7
,,|-----Daniel's Weeks Prophecy / Week 65 Day 2-318,,,,,
219th,Sun,3760 Av / 19,311 Gorpiaios / 18,Athra / 26,SHEMU Mesore / 14,753 Augustus \ 7,1 BC L Aug \ 8
,,|-----Daniel's Weeks Prophecy / Week 65 Day 2-319,,,,,
220th,Mon,3760 Av / 20,311 Gorpiaios / 19,Athra / 27,SHEMU Mesore / 15,753 Augustus \ 8,1 BC L Aug \ 9
,,|-----Daniel's Weeks Prophecy / Week 65 Day 2-320,,,,,
221st,Tue,3760 Av / 21,311 Gorpiaios / 20,Athra / 28,SHEMU Mesore / 16,753 Augustus \ 9,1 BC L Aug \ 10
,,|-----Daniel's Weeks Prophecy / Week 65 Day 2-321,,,,,
222nd,Wed,3760 Av / 22,311 Gorpiaios / 21,Athra / 29,SHEMU Mesore / 17,753 Augustus \ 10,1 BC L Aug \ 11
,,|-----Daniel's Weeks Prophecy / Week 65 Day 2-322,,,,,
223rd,Thu,3760 Av / 23,311 Gorpiaios / 22,Athra / 30,SHEMU Mesore / 18,753 Augustus \ 11,1 BC L Aug \ 12
,,|-----Daniel's Weeks Prophecy / Week 65 Day 2-323,,,,,
224th,Fri,3760 Av / 24,311 Gorpiaios / 23,Dathusa / 1,SHEMU Mesore / 19,753 Augustus \ 12,1 BC L Aug \ 13
,,|-----Daniel's Weeks Prophecy / Week 65 Day 2-324,,,,,
225th,Sat,3760 Av / 25,311 Gorpiaios / 24,Dathusa / 2,SHEMU Mesore / 20,753 Augustus \ 13,1 BC L Aug \ 14
,,|-----Daniel's Weeks Prophecy / Week 65 Day 2-325,,,,,
226th,Sun,3760 Av / 26,311 Gorpiaios / 25,Dathusa / 3,SHEMU Mesore / 21,753 Augustus \ 14,1 BC L Aug \ 15
,,|-----Daniel's Weeks Prophecy / Week 65 Day 2-326,,,,,
227th,Mon,3760 Av / 27,311 Gorpiaios / 26,Dathusa / 4,SHEMU Mesore / 22,753 Augustus \ 15,1 BC L Aug \ 16
,,|-----Daniel's Weeks Prophecy / Week 65 Day 2-327,,,,,
228th,Tue,3760 Av / 28,311 Gorpiaios / 27,Dathusa / 5,SHEMU Mesore / 23,753 Augustus \ 16,1 BC L Aug \ 17
,,|-----Daniel's Weeks Prophecy / Week 65 Day 2-328,,,,,
229th,Wed     New Moon,3760 Av / 29,311 Gorpiaios / 28,Dathusa / 6,SHEMU Mesore / 24,753 Augustus \ 17,1 BC L Aug \ 18
,,|-----Daniel's Weeks Prophecy / Week 65 Day 2-329,,,,,
230th,Thu,3760 Av / 30,311 Gorpiaios / 29,Dathusa / 7,SHEMU Mesore / 25,753 Augustus \ 18,1 BC L Aug \ 19
,,|-----Daniel's Weeks Prophecy / Week 65 Day 2-330,,,,,
231st,Fri,3760 Elul / 1,311 Hyperberetaios / 1,Dathusa / 8,SHEMU Mesore / 26,753 Augustus \ 19,1 BC L Aug \ 20
,,|-----Daniel's Weeks Prophecy / Week 65 Day 2-331,,,,,
232nd,Sat,3760 Elul / 2,311 Hyperberetaios / 2,Dathusa / 9,SHEMU Mesore / 27,753 Augustus \ 20,1 BC L Aug \ 21
,,|-----Daniel's Weeks Prophecy / Week 65 Day 2-332,,,,,
233rd,Sun,3760 Elul / 3,311 Hyperberetaios / 3,Dathusa / 10,SHEMU Mesore / 28,753 Augustus \ 21,1 BC L Aug \ 22
,,|-----Daniel's Weeks Prophecy / Week 65 Day 2-333,,,,,
234th,Mon,3760 Elul / 4,311 Hyperberetaios / 4,Dathusa / 11,SHEMU Mesore / 29,753 Augustus \ 22,1 BC L Aug \ 23
,,|-----Daniel's Weeks Prophecy / Week 65 Day 2-334,,,,,
235th,Tue,3760 Elul / 5,311 Hyperberetaios / 5,Dathusa / 12,SHEMU Mesore / 30,753 Augustus \ 23,1 BC L Aug \ 24
,,|-----Daniel's Weeks Prophecy / Week 65 Day 2-335,,,,,
236th,Wed,3760 Elul / 6,311 Hyperberetaios / 6,Dathusa / 13,Osiris,753 Augustus \ 24,1 BC L Aug \ 25
,,|-----Daniel's Weeks Prophecy / Week 65 Day 2-336,,,,,
237th,Thu,3760 Elul / 7,311 Hyperberetaios / 7,Dathusa / 14,Horus,753 Augustus \ 25,1 BC L Aug \ 26
,,|-----Daniel's Weeks Prophecy / Week 65 Day 2-337,,,,,
238th,Fri,3760 Elul / 8,311 Hyperberetaios / 8,Dathusa / 15,Seth,753 Augustus \ 26,1 BC L Aug \ 27
,,|-----Daniel's Weeks Prophecy / Week 65 Day 2-338,,,,,
239th,Sat,3760 Elul / 9,311 Hyperberetaios / 9,Dathusa / 16,Isis,753 Augustus \ 27,1 BC L Aug \ 28
,,|-----Daniel's Weeks Prophecy / Week 65 Day 2-339,,,,,
240th,Sun,3760 Elul / 10,311 Hyperberetaios / 10,Dathusa / 17,Nephthys,753 Augustus \ 28,1 BC L Aug \ 29
,,|-----Daniel's Weeks Prophecy / Week 65 Day 2-340,,,,,
241st,Mon,3760 Elul / 11,311 Hyperberetaios / 11,Dathusa / 18,AKHET Thoth / 1 New Year,753 Augustus \ 29,1 BC L Aug \ 30
,,|-----Daniel's Weeks Prophecy / Week 65 Day 2-341,,,,,
242nd,Tue,3760 Elul / 12,311 Hyperberetaios / 12,Dathusa / 19,AKHET Thoth / 2,753 Augustus \ 30,1 BC L Aug \ 31
,,|-----Daniel's Weeks Prophecy / Week 65 Day 2-342,,,,,
243rd,Wed,3760 Elul / 13,311 Hyperberetaios / 13,Dathusa / 20,AKHET Thoth / 3,753 Augustus \ 31,1 BC L Sep \ 1
,,|-----Daniel's Weeks Prophecy / Week 65 Day 2-343,,,,,
244th,Thu     Full Moon,3760 Elul / 14,311 Hyperberetaios / 14,Dathusa / 21,AKHET Thoth / 4,753 Sep \ 1,1 BC L Sep \ 2
,,|-----Daniel's Weeks Prophecy / Week 65 Day 2-344,,,,,
245th,Fri,3760 Elul / 15,311 Hyperberetaios / 15,Dathusa / 22,AKHET Thoth / 5,753 Sep \ 2,1 BC L Sep \ 3
,,|-----Daniel's Weeks Prophecy / Week 65 Day 2-345,,,,,
246th,Sat,3760 Elul / 16,311 Hyperberetaios / 16,Dathusa / 23,AKHET Thoth / 6,753 Sep \ 3,1 BC L Sep \ 4
,,|-----Daniel's Weeks Prophecy / Week 65 Day 2-346,,,,,
247th,Sun,3760 Elul / 17,311 Hyperberetaios / 17,Dathusa / 24,AKHET Thoth / 7,753 Sep \ 4,1 BC L Sep \ 5
,,|-----Daniel's Weeks Prophecy / Week 65 Day 2-347,,,,,
248th,Mon,3760 Elul / 18,311 Hyperberetaios / 18,Dathusa / 25,AKHET Thoth / 8,753 Sep \ 5,1 BC L Sep \ 6
,,|-----Daniel's Weeks Prophecy / Week 65 Day 2-348,,,,,
249th,Tue,3760 Elul / 19,311 Hyperberetaios / 19,Dathusa / 26,AKHET Thoth / 9,753 Sep \ 6,1 BC L Sep \ 7
,,|-----Daniel's Weeks Prophecy / Week 65 Day 2-349,,,,,
250th,Wed,3760 Elul / 20,311 Hyperberetaios / 20,Dathusa / 27,AKHET Thoth / 10,753 Sep \ 7,1 BC L Sep \ 8
,,|-----Daniel's Weeks Prophecy / Week 65 Day 2-350,,,,,
251st,Thu,3760 Elul / 21,311 Hyperberetaios / 21,Dathusa / 28,AKHET Thoth / 11,753 Sep \ 8,1 BC L Sep \ 9
,,|-----Daniel's Weeks Prophecy / Week 65 Day 2-351,,,,,
252nd,Fri,3760 Elul / 22,311 Hyperberetaios / 22,Dathusa / 29,AKHET Thoth / 12,753 Sep \ 9,1 BC L Sep \ 10
,,|-----Daniel's Weeks Prophecy / Week 65 Day 2-352,,,,,
253rd,Sat,3760 Elul / 23,311 Hyperberetaios / 23,Dathusa / 30,AKHET Thoth / 13,753 Sep \ 10,1 BC L Sep \ 11
,,|-----Daniel's Weeks Prophecy / Week 65 Day 2-353,,,,,
254th,Sun,3760 Elul / 24,311 Hyperberetaios / 24,Osmana / 1,AKHET Thoth / 14,753 Sep \ 11,1 BC L Sep \ 12
,,|-----Daniel's Weeks Prophecy / Week 65 Day 2-354,,,,,
255th,Mon,3760 Elul / 25,311 Hyperberetaios / 25,Osmana / 2,AKHET Thoth / 15,753 Sep \ 12,1 BC L Sep \ 13
,,|-----Daniel's Weeks Prophecy / Week 65 Day 2-355,,,,,
256th,Tue,3760 Elul / 26,311 Hyperberetaios / 26,Osmana / 3,AKHET Thoth / 16,753 Sep \ 13,1 BC L Sep \ 14
,,|-----Daniel's Weeks Prophecy / Week 65 Day 2-356,,,,,
257th,Wed,3760 Elul / 27,311 Hyperberetaios / 27,Osmana / 4,AKHET Thoth / 17,753 Sep \ 14,1 BC L Sep \ 15
,,|-----Daniel's Weeks Prophecy / Week 65 Day 2-357,,,,,
258th,Thu     New Moon,3760 Elul / 28,311 Hyperberetaios / 28,Osmana / 5,AKHET Thoth / 18,753 Sep \ 15,1 BC L Sep \ 16
,,|-----Daniel's Weeks Prophecy / Week 65 Day 2-358,,,,,
259th,Fri,3760 Elul / 29,311 Hyperberetaios / 29,Osmana / 6,AKHET Thoth / 19,753 Sep \ 16,1 BC L Sep \ 17
,,|-----Daniel's Weeks Prophecy / Week 65 Day 2-359,,,,,
260th,Sat,3761 Tishri / 1,311 Hyperberetaios / 30,Osmana / 7,AKHET Thoth / 20,753 Sep \ 17,1 BC L Sep \ 18
,,|-----Daniel's Weeks Prophecy / Week 65 Day 2-360,,,,,
261st,Sun,3761 Tishri / 2,312 Dios / 1,Osmana / 8,AKHET Thoth / 21,753 Sep \ 18,1 BC L Sep \ 19
,,|-----Daniel's Weeks Prophecy / Week 65 Day 3-1,,,,,
262nd,Mon,3761 Tishri / 3,312 Dios / 2,Osmana / 9,AKHET Thoth / 22,753 Sep \ 19,1 BC L Sep \ 20
,,|-----Daniel's Weeks Prophecy / Week 65 Day 3-2,,,,,
263rd,Tue,3761 Tishri / 4,312 Dios / 3,Osmana / 10,AKHET Thoth / 23,753 Sep \ 20,1 BC L Sep \ 21
,,|-----Daniel's Weeks Prophecy / Week 65 Day 3-3,,,,,
264th,Wed,3761 Tishri / 5,312 Dios / 4,Osmana / 11,AKHET Thoth / 24,753 Sep \ 21,1 BC L Sep \ 22
,,|-----Daniel's Weeks Prophecy / Week 65 Day 3-4,,,,,
265th,Thu,3761 Tishri / 6,312 Dios / 5,Osmana / 12,AKHET Thoth / 25,753 Sep \ 22,1 BC L Sep \ 23
,,|-----Daniel's Weeks Prophecy / Week 65 Day 3-5,,,,,
266th Equinox,Fri,3761 Tishri / 7,312 Dios / 6,Osmana / 13,AKHET Thoth / 26,753 Sep \ 23,1 BC L Sep \ 24
,,|-----Daniel's Weeks Prophecy / Week 65 Day 3-6,,,,,
267th,Sat,3761 Tishri / 8,312 Dios / 7,Osmana / 14,AKHET Thoth / 27,753 Sep \ 24,1 BC L Sep \ 25
,,|-----Daniel's Weeks Prophecy / Week 65 Day 3-7,,,,,
268th,Sun,3761 Tishri / 9,312 Dios / 8,Osmana / 15,AKHET Thoth / 28,753 Sep \ 25,1 BC L Sep \ 26
,,|-----Daniel's Weeks Prophecy / Week 65 Day 3-8,,,,,
269th,Mon,3761 Tishri / 10,312 Dios / 9,Osmana / 16,AKHET Thoth / 29,753 Sep \ 26,1 BC L Sep \ 27
,,|-----Daniel's Weeks Prophecy / Week 65 Day 3-9,,,,,
270th,Tue,3761 Tishri / 11,312 Dios / 10,Osmana / 17,AKHET Thoth / 30,753 Sep \ 27,1 BC L Sep \ 28
,,|-----Daniel's Weeks Prophecy / Week 65 Day 3-10,,,,,
271st,Wed,3761 Tishri / 12,312 Dios / 11,Osmana / 18,AKHET Phaophi / 1,753 Sep \ 28,1 BC L Sep \ 29
,,|-----Daniel's Weeks Prophecy / Week 65 Day 3-11,,,,,
272nd,Thu,3761 Tishri / 13,312 Dios / 12,Osmana / 19,AKHET Phaophi / 2,753 Sep \ 29,1 BC L Sep \ 30
,,|-----Daniel's Weeks Prophecy / Week 65 Day 3-12,,,,,
273rd,Fri,3761 Tishri / 14,312 Dios / 13,Osmana / 20,AKHET Phaophi / 3,753 Sep \ 30,1 BC L Oct \ 1
,,|-----Daniel's Weeks Prophecy / Week 65 Day 3-13,,,,,
274th,Sat     Full Moon,3761 Tishri / 15,312 Dios / 14,Osmana / 21,AKHET Phaophi / 4,753 Oct \ 1,1 BC L Oct \ 2
,,|-----Daniel's Weeks Prophecy / Week 65 Day 3-14,,,,,
275th,Sun,3761 Tishri / 16,312 Dios / 15,Osmana / 22,AKHET Phaophi / 5,753 Oct \ 2,1 BC L Oct \ 3
,,|-----Daniel's Weeks Prophecy / Week 65 Day 3-15,,,,,
276th,Mon,3761 Tishri / 17,312 Dios / 16,Osmana / 23,AKHET Phaophi / 6,753 Oct \ 3,1 BC L Oct \ 4
,,|-----Daniel's Weeks Prophecy / Week 65 Day 3-16,,,,,
277th,Tue,3761 Tishri / 18,312 Dios / 17,Osmana / 24,AKHET Phaophi / 7,753 Oct \ 4,1 BC L Oct \ 5
,,|-----Daniel's Weeks Prophecy / Week 65 Day 3-17,,,,,
278th,Wed,3761 Tishri / 19,312 Dios / 18,Osmana / 25,AKHET Phaophi / 8,753 Oct \ 5,1 BC L Oct \ 6
,,|-----Daniel's Weeks Prophecy / Week 65 Day 3-18,,,,,
279th,Thu,3761 Tishri / 20,312 Dios / 19,Osmana / 26,AKHET Phaophi / 9,753 Oct \ 6,1 BC L Oct \ 7
,,|-----Daniel's Weeks Prophecy / Week 65 Day 3-19,,,,,
280th,Fri,3761 Tishri / 21,312 Dios / 20,Osmana / 27,AKHET Phaophi / 10,753 Oct \ 7,1 BC L Oct \ 8
,,|-----Daniel's Weeks Prophecy / Week 65 Day 3-20,,,,,
281st,Sat,3761 Tishri / 22,312 Dios / 21,Osmana / 28,AKHET Phaophi / 11,753 Oct \ 8,1 BC L Oct \ 9
,,|-----Daniel's Weeks Prophecy / Week 65 Day 3-21,,,,,
282nd,Sun,3761 Tishri / 23,312 Dios / 22,Osmana / 29,AKHET Phaophi / 12,753 Oct \ 9,1 BC L Oct \ 10
,,|-----Daniel's Weeks Prophecy / Week 65 Day 3-22,,,,,
283rd,Mon,3761 Tishri / 24,312 Dios / 23,Osmana / 30,AKHET Phaophi / 13,753 Oct \ 10,1 BC L Oct \ 11
,,|-----Daniel's Weeks Prophecy / Week 65 Day 3-23,,,,,
284th,Tue,3761 Tishri / 25,312 Dios / 24,Sondara / 1,AKHET Phaophi / 14,753 Oct \ 11,1 BC L Oct \ 12
,,|-----Daniel's Weeks Prophecy / Week 65 Day 3-24,,,,,
285th,Wed,3761 Tishri / 26,312 Dios / 25,Sondara / 2,AKHET Phaophi / 15,753 Oct \ 12,1 BC L Oct \ 13
,,|-----Daniel's Weeks Prophecy / Week 65 Day 3-25,,,,,
286th,Thu,3761 Tishri / 27,312 Dios / 26,Sondara / 3,AKHET Phaophi / 16,753 Oct \ 13,1 BC L Oct \ 14
,,|-----Daniel's Weeks Prophecy / Week 65 Day 3-26,,,,,
287th,Fri,3761 Tishri / 28,312 Dios / 27,Sondara / 4,AKHET Phaophi / 17,753 Oct \ 14,1 BC L Oct \ 15
,,|-----Daniel's Weeks Prophecy / Week 65 Day 3-27,,,,,
288th,Sat     New Moon,3761 Tishri / 29,312 Dios / 28,Sondara / 5,AKHET Phaophi / 18,753 Oct \ 15,1 BC L Oct \ 16
,,|-----Daniel's Weeks Prophecy / Week 65 Day 3-28,,,,,
289th,Sun,3761 Tishri / 30,312 Dios / 29,Sondara / 6,AKHET Phaophi / 19,753 Oct \ 16,1 BC L Oct \ 17
,,|-----Daniel's Weeks Prophecy / Week 65 Day 3-29,,,,,
290th,Mon,3761 Heshvan / 1,312 Dios / 30,Sondara / 7,AKHET Phaophi / 20,753 Oct \ 17,1 BC L Oct \ 18
,,|-----Daniel's Weeks Prophecy / Week 65 Day 3-30,,,,,
291st,Tue,3761 Heshvan / 2,312 Apellaios / 1,Sondara / 8,AKHET Phaophi / 21,753 Oct \ 18,1 BC L Oct \ 19
,,|-----Daniel's Weeks Prophecy / Week 65 Day 3-31,,,,,
292nd,Wed,3761 Heshvan / 3,312 Apellaios / 2,Sondara / 9,AKHET Phaophi / 22,753 Oct \ 19,1 BC L Oct \ 20
,,|-----Daniel's Weeks Prophecy / Week 65 Day 3-32,,,,,
293rd,Thu,3761 Heshvan / 4,312 Apellaios / 3,Sondara / 10,AKHET Phaophi / 23,753 Oct \ 20,1 BC L Oct \ 21
,,|-----Daniel's Weeks Prophecy / Week 65 Day 3-33,,,,,
294th,Fri,3761 Heshvan / 5,312 Apellaios / 4,Sondara / 11,AKHET Phaophi / 24,753 Oct \ 21,1 BC L Oct \ 22
,,|-----Daniel's Weeks Prophecy / Week 65 Day 3-34,,,,,
295th,Sat,3761 Heshvan / 6,312 Apellaios / 5,Sondara / 12,AKHET Phaophi / 25,753 Oct \ 22,1 BC L Oct \ 23
,,|-----Daniel's Weeks Prophecy / Week 65 Day 3-35,,,,,
296th,Sun,3761 Heshvan / 7,312 Apellaios / 6,Sondara / 13,AKHET Phaophi / 26,753 Oct \ 23,1 BC L Oct \ 24
,,|-----Daniel's Weeks Prophecy / Week 65 Day 3-36,,,,,
297th,Mon,3761 Heshvan / 8,312 Apellaios / 7,Sondara / 14,AKHET Phaophi / 27,753 Oct \ 24,1 BC L Oct \ 25
,,|-----Daniel's Weeks Prophecy / Week 65 Day 3-37,,,,,
298th,Tue,3761 Heshvan / 9,312 Apellaios / 8,Sondara / 15,AKHET Phaophi / 28,753 Oct \ 25,1 BC L Oct \ 26
,,|-----Daniel's Weeks Prophecy / Week 65 Day 3-38,,,,,
299th,Wed,3761 Heshvan / 10,312 Apellaios / 9,Sondara / 16,AKHET Phaophi / 29,753 Oct \ 26,1 BC L Oct \ 27
,,|-----Daniel's Weeks Prophecy / Week 65 Day 3-39,,,,,
300th,Thu,3761 Heshvan / 11,312 Apellaios / 10,Sondara / 17,AKHET Phaophi / 30,753 Oct \ 27,1 BC L Oct \ 28
,,|-----Daniel's Weeks Prophecy / Week 65 Day 3-40,,,,,
301st,Fri,3761 Heshvan / 12,312 Apellaios / 11,Sondara / 18,AKHET Athyr / 1,753 Oct \ 28,1 BC L Oct \ 29
,,|-----Daniel's Weeks Prophecy / Week 65 Day 3-41,,,,,
302nd,Sat,3761 Heshvan / 13,312 Apellaios / 12,Sondara / 19,AKHET Athyr / 2,753 Oct \ 29,1 BC L Oct \ 30
,,|-----Daniel's Weeks Prophecy / Week 65 Day 3-42,,,,,
303rd,Sun     Full Moon,3761 Heshvan / 14,312 Apellaios / 13,Sondara / 20,AKHET Athyr / 3,753 Oct \ 30,1 BC L Oct \ 31
,,|-----Daniel's Weeks Prophecy / Week 65 Day 3-43,,,,,
304th,Mon,3761 Heshvan / 15,312 Apellaios / 14,Sondara / 21,AKHET Athyr / 4,753 Oct \ 31,1 BC L Nov \ 1
,,|-----Daniel's Weeks Prophecy / Week 65 Day 3-44,,,,,
305th,Tue,3761 Heshvan / 16,312 Apellaios / 15,Sondara / 22,AKHET Athyr / 5,753 Nov \ 1,1 BC L Nov \ 2
,,|-----Daniel's Weeks Prophecy / Week 65 Day 3-45,,,,,
306th,Wed,3761 Heshvan / 17,312 Apellaios / 16,Sondara / 23,AKHET Athyr / 6,753 Nov \ 2,1 BC L Nov \ 3
,,|-----Daniel's Weeks Prophecy / Week 65 Day 3-46,,,,,
307th,Thu,3761 Heshvan / 18,312 Apellaios / 17,Sondara / 24,AKHET Athyr / 7,753 Nov \ 3,1 BC L Nov \ 4
,,|-----Daniel's Weeks Prophecy / Week 65 Day 3-47,,,,,
308th,Fri,3761 Heshvan / 19,312 Apellaios / 18,Sondara / 25,AKHET Athyr / 8,753 Nov \ 4,1 BC L Nov \ 5
,,|-----Daniel's Weeks Prophecy / Week 65 Day 3-48,,,,,
309th,Sat,3761 Heshvan / 20,312 Apellaios / 19,Sondara / 26,AKHET Athyr / 9,753 Nov \ 5,1 BC L Nov \ 6
,,|-----Daniel's Weeks Prophecy / Week 65 Day 3-49,,,,,
310th,Sun,3761 Heshvan / 21,312 Apellaios / 20,Sondara / 27,AKHET Athyr / 10,753 Nov \ 6,1 BC L Nov \ 7
,,|-----Daniel's Weeks Prophecy / Week 65 Day 3-50,,,,,
311th,Mon,3761 Heshvan / 22,312 Apellaios / 21,Sondara / 28,AKHET Athyr / 11,753 Nov \ 7,1 BC L Nov \ 8
,,|-----Daniel's Weeks Prophecy / Week 65 Day 3-51,,,,,
312th,Tue,3761 Heshvan / 23,312 Apellaios / 22,Sondara / 29,AKHET Athyr / 12,753 Nov \ 8,1 BC L Nov \ 9
,,|-----Daniel's Weeks Prophecy / Week 65 Day 3-52,,,,,
313th,Wed,3761 Heshvan / 24,312 Apellaios / 23,Sondara / 30,AKHET Athyr / 13,753 Nov \ 9,1 BC L Nov \ 10
,,|-----Daniel's Weeks Prophecy / Week 65 Day 3-53,,,,,
314th,Thu,3761 Heshvan / 25,312 Apellaios / 24,day 1,AKHET Athyr / 14,753 Nov \ 10,1 BC L Nov \ 11
,,|-----Daniel's Weeks Prophecy / Week 65 Day 3-54,,,,,
315th,Fri,3761 Heshvan / 26,312 Apellaios / 25,day 2,AKHET Athyr / 15,753 Nov \ 11,1 BC L Nov \ 12
,,|-----Daniel's Weeks Prophecy / Week 65 Day 3-55,,,,,
316th,Sat,3761 Heshvan / 27,312 Apellaios / 26,day 3,AKHET Athyr / 16,753 Nov \ 12,1 BC L Nov \ 13
,,|-----Daniel's Weeks Prophecy / Week 65 Day 3-56,,,,,
317th,Sun     New Moon,3761 Heshvan / 28,312 Apellaios / 27,day 4,AKHET Athyr / 17,753 Nov \ 13,1 BC L Nov \ 14
,,|-----Daniel's Weeks Prophecy / Week 65 Day 3-57,,,,,
318th,Mon,3761 Heshvan / 29,312 Apellaios / 28,day 5,AKHET Athyr / 18,753 Nov \ 14,1 BC L Nov \ 15
,,|-----Daniel's Weeks Prophecy / Week 65 Day 3-58,,,,,
319th,Tue,3761 Kislev / 1,312 Apellaios / 29,Arartana / 1 New Year,AKHET Athyr / 19,753 Nov \ 15,1 BC L Nov \ 16
,,|-----Daniel's Weeks Prophecy / Week 65 Day 3-59,,,,,
320th,Wed,3761 Kislev / 2,312 Audynaios / 1,Arartana / 2,AKHET Athyr / 20,753 Nov \ 16,1 BC L Nov \ 17
,,|-----Daniel's Weeks Prophecy / Week 65 Day 3-60,,,,,
321st,Thu,3761 Kislev / 3,312 Audynaios / 2,Arartana / 3,AKHET Athyr / 21,753 Nov \ 17,1 BC L Nov \ 18
,,|-----Daniel's Weeks Prophecy / Week 65 Day 3-61,,,,,
322nd,Fri,3761 Kislev / 4,312 Audynaios / 3,Arartana / 4,AKHET Athyr / 22,753 Nov \ 18,1 BC L Nov \ 19
,,|-----Daniel's Weeks Prophecy / Week 65 Day 3-62,,,,,
323rd,Sat,3761 Kislev / 5,312 Audynaios / 4,Arartana / 5,AKHET Athyr / 23,753 Nov \ 19,1 BC L Nov \ 20
,,|-----Daniel's Weeks Prophecy / Week 65 Day 3-63,,,,,
324th,Sun,3761 Kislev / 6,312 Audynaios / 5,Arartana / 6,AKHET Athyr / 24,753 Nov \ 20,1 BC L Nov \ 21
,,|-----Daniel's Weeks Prophecy / Week 65 Day 3-64,,,,,
325th,Mon,3761 Kislev / 7,312 Audynaios / 6,Arartana / 7,AKHET Athyr / 25,753 Nov \ 21,1 BC L Nov \ 22
,,|-----Daniel's Weeks Prophecy / Week 65 Day 3-65,,,,,
326th,Tue,3761 Kislev / 8,312 Audynaios / 7,Arartana / 8,AKHET Athyr / 26,753 Nov \ 22,1 BC L Nov \ 23
,,|-----Daniel's Weeks Prophecy / Week 65 Day 3-66,,,,,
327th,Wed,3761 Kislev / 9,312 Audynaios / 8,Arartana / 9,AKHET Athyr / 27,753 Nov \ 23,1 BC L Nov \ 24
,,|-----Daniel's Weeks Prophecy / Week 65 Day 3-67,,,,,
328th,Thu,3761 Kislev / 10,312 Audynaios / 9,Arartana / 10,AKHET Athyr / 28,753 Nov \ 24,1 BC L Nov \ 25
,,|-----Daniel's Weeks Prophecy / Week 65 Day 3-68,,,,,
329th,Fri,3761 Kislev / 11,312 Audynaios / 10,Arartana / 11,AKHET Athyr / 29,753 Nov \ 25,1 BC L Nov \ 26
,,|-----Daniel's Weeks Prophecy / Week 65 Day 3-69,,,,,
330th,Sat,3761 Kislev / 12,312 Audynaios / 11,Arartana / 12,AKHET Athyr / 30,753 Nov \ 26,1 BC L Nov \ 27
,,|-----Daniel's Weeks Prophecy / Week 65 Day 3-70,,,,,
331st,Sun,3761 Kislev / 13,312 Audynaios / 12,Arartana / 13,AKHET Khoiak / 1,753 Nov \ 27,1 BC L Nov \ 28
,,|-----Daniel's Weeks Prophecy / Week 65 Day 3-71,,,,,
332nd,Mon,3761 Kislev / 14,312 Audynaios / 13,Arartana / 14,AKHET Khoiak / 2,753 Nov \ 28,1 BC L Nov \ 29
,,|-----Daniel's Weeks Prophecy / Week 65 Day 3-72,,,,,
333rd,Tue     Full moon,3761 Kislev / 15,312 Audynaios / 14,Arartana / 15,AKHET Khoiak / 3,753 Nov \ 29,1 BC L Nov \ 30
,,|-----Daniel's Weeks Prophecy / Week 65 Day 3-73,,,,,
334th,Wed,3761 Kislev / 16,312 Audynaios / 15,Arartana / 16,AKHET Khoiak / 4,753 Nov \ 30,1 BC L Dec \ 1
,,|-----Daniel's Weeks Prophecy / Week 65 Day 3-74,,,,,
335th,Thu,3761 Kislev / 17,312 Audynaios / 16,Arartana / 17,AKHET Khoiak / 5,753 Dec \ 1,1 BC L Dec \ 2
,,|-----Daniel's Weeks Prophecy / Week 65 Day 3-75,,,,,
336th,Fri,3761 Kislev / 18,312 Audynaios / 17,Arartana / 18,AKHET Khoiak / 6,753 Dec \ 2,1 BC L Dec \ 3
,,|-----Daniel's Weeks Prophecy / Week 65 Day 3-76,,,,,
337th,Sat,3761 Kislev / 19,312 Audynaios / 18,Arartana / 19,AKHET Khoiak / 7,753 Dec \ 3,1 BC L Dec \ 4
,,|-----Daniel's Weeks Prophecy / Week 65 Day 3-77,,,,,
338th,Sun,3761 Kislev / 20,312 Audynaios / 19,Arartana / 20,AKHET Khoiak / 8,753 Dec \ 4,1 BC L Dec \ 5
,,|-----Daniel's Weeks Prophecy / Week 65 Day 3-78,,,,,
339th,Mon,3761 Kislev / 21,312 Audynaios / 20,Arartana / 21,AKHET Khoiak / 9,753 Dec \ 5,1 BC L Dec \ 6
,,|-----Daniel's Weeks Prophecy / Week 65 Day 3-79,,,,,
340th,Tue,3761 Kislev / 22,312 Audynaios / 21,Arartana / 22,AKHET Khoiak / 10,753 Dec \ 6,1 BC L Dec \ 7
,,|-----Daniel's Weeks Prophecy / Week 65 Day 3-80,,,,,
341st,Wed,3761 Kislev / 23,312 Audynaios / 22,Arartana / 23,AKHET Khoiak / 11,753 Dec \ 7,1 BC L Dec \ 8
,,|-----Daniel's Weeks Prophecy / Week 65 Day 3-81,,,,,
342nd,Thu,3761 Kislev / 24,312 Audynaios / 23,Arartana / 24,AKHET Khoiak / 12,753 Dec \ 8,1 BC L Dec \ 9
,,|-----Daniel's Weeks Prophecy / Week 65 Day 3-82,,,,,
343rd,Fri,3761 Kislev / 25,312 Audynaios / 24,Arartana / 25,AKHET Khoiak / 13,753 Dec \ 9,1 BC L Dec \ 10
,,|-----Daniel's Weeks Prophecy / Week 65 Day 3-83,,,,,
344th,Sat,3761 Kislev / 26,312 Audynaios / 25,Arartana / 26,AKHET Khoiak / 14,753 Dec \ 10,1 BC L Dec \ 11
,,|-----Daniel's Weeks Prophecy / Week 65 Day 3-84,,,,,
345th,Sun,3761 Kislev / 27,312 Audynaios / 26,Arartana / 27,AKHET Khoiak / 15,753 Dec \ 11,1 BC L Dec \ 12
,,|-----Daniel's Weeks Prophecy / Week 65 Day 3-85,,,,,
346th,Mon,3761 Kislev / 28,312 Audynaios / 27,Arartana / 28,AKHET Khoiak / 16,753 Dec \ 12,1 BC L Dec \ 13
,,|-----Daniel's Weeks Prophecy / Week 65 Day 3-86,,,,,
347th,Tue     New Moon,3761 Kislev / 29,312 Audynaios / 28,Arartana / 29,AKHET Khoiak / 17,753 Dec \ 13,1 BC L Dec \ 14
,,|-----Daniel's Weeks Prophecy / Week 65 Day 3-87,,,,,
348th,Wed,3761 Kislev / 30,312 Audynaios / 29,Arartana / 30,AKHET Khoiak / 18,753 Dec \ 14,1 BC L Dec \ 15
,,|-----Daniel's Weeks Prophecy / Week 65 Day 3-88,,,,,
349th,Thu,3761 Teveth / 1,312 Audynaios / 30,Artegeste / 1,AKHET Khoiak / 19,753 Dec \ 15,1 BC L Dec \ 16
,,|-----Daniel's Weeks Prophecy / Week 65 Day 3-89,,,,,
350th,Fri,3761 Teveth / 2,312 Peritios / 1,Artegeste / 2,AKHET Khoiak / 20,753 Dec \ 16,1 BC L Dec \ 17
,,|-----Daniel's Weeks Prophecy / Week 65 Day 3-90,,,,,
351st,Sat,3761 Teveth / 3,312 Peritios / 2,Artegeste / 3,AKHET Khoiak / 21,753 Dec \ 17,1 BC L Dec \ 18
,,|-----Daniel's Weeks Prophecy / Week 65 Day 3-91,,,,,
352nd,Sun,3761 Teveth / 4,312 Peritios / 3,Artegeste / 4,AKHET Khoiak / 22,753 Dec \ 18,1 BC L Dec \ 19
,,|-----Daniel's Weeks Prophecy / Week 65 Day 3-92,,,,,
353rd,Mon,3761 Teveth / 5,312 Peritios / 4,Artegeste / 5,AKHET Khoiak / 23,753 Dec \ 19,1 BC L Dec \ 20
,,|-----Daniel's Weeks Prophecy / Week 65 Day 3-93,,,,,
354th,Tue,3761 Teveth / 6,312 Peritios / 5,Artegeste / 6,AKHET Khoiak / 24,753 Dec \ 20,1 BC L Dec \ 21
,,|-----Daniel's Weeks Prophecy / Week 65 Day 3-94,,,,,
355th Solstice,Wed,3761 Teveth / 7,312 Peritios / 6,Artegeste / 7,AKHET Khoiak / 25,753 Dec \ 21,1 BC L Dec \ 22
,,|-----Daniel's Weeks Prophecy / Week 65 Day 3-95,,,,,
356th,Thu,3761 Teveth / 8,312 Peritios / 7,Artegeste / 8,AKHET Khoiak / 26,753 Dec \ 22,1 BC L Dec \ 23
,,|-----Daniel's Weeks Prophecy / Week 65 Day 3-96,,,,,
357th,Fri,3761 Teveth / 9,312 Peritios / 8,Artegeste / 9,AKHET Khoiak / 27,753 Dec \ 23,1 BC L Dec \ 24
,,|-----Daniel's Weeks Prophecy / Week 65 Day 3-97,,,,,
358th,Sat,3761 Teveth / 10,312 Peritios / 9,Artegeste / 10,AKHET Khoiak / 28,753 Dec \ 24,1 BC L Dec \ 25
,,|-----Daniel's Weeks Prophecy / Week 65 Day 3-98,,,,,
359th,Sun,3761 Teveth / 11,312 Peritios / 10,Artegeste / 11,AKHET Khoiak / 29,753 Dec \ 25,1 BC L Dec \ 26
,,|-----Daniel's Weeks Prophecy / Week 65 Day 3-99,,,,,
360th,Mon,3761 Teveth / 12,312 Peritios / 11,Artegeste / 12,AKHET Khoiak / 30,753 Dec \ 26,1 BC L Dec \ 27
,,|-----Daniel's Weeks Prophecy / Week 65 Day 3-100,,,,,
361st,Tue,3761 Teveth / 13,312 Peritios / 12,Artegeste / 13,PERET Tybi / 1,753 Dec \ 27,1 BC L Dec \ 28
,,|-----Daniel's Weeks Prophecy / Week 65 Day 3-101,,,,,
362nd,Wed     Full Moon,3761 Teveth / 14,312 Peritios / 13,Artegeste / 14,PERET Tybi / 2,753 Dec \ 28,1 BC L Dec \ 29
,,|-----Daniel's Weeks Prophecy / Week 65 Day 3-102,,,,,
,,[-----Eclipse,,,,,
363rd,Thu,3761 Teveth / 15,312 Peritios / 14,Artegeste / 15,PERET Tybi / 3,753 Dec \ 29,1 BC L Dec \ 30
,,|-----Daniel's Weeks Prophecy / Week 65 Day 3-103,,,,,
364th,Fri,3761 Teveth / 16,312 Peritios / 15,Artegeste / 16,PERET Tybi / 4,753 Dec \ 30,1 BC L Dec \ 31
,,|-----Daniel's Weeks Prophecy / Week 65 Day 3-104,,,,,
365th,Sat,3761 Teveth / 17,312 Peritios / 16,Artegeste / 17,PERET Tybi / 5,753 Dec \ 31,1 AD Jan \ 1
,,|-----Daniel's Weeks Prophecy / Week 65 Day 3-105,,,,,
366th,Sun,3761 Teveth / 18,312 Peritios / 17,Artegeste / 18,PERET Tybi / 6,754 Ianuarius \ 1,1 AD Jan \ 2
,,|-----Daniel's Weeks Prophecy / Week 65 Day 3-106,,,,,
